base_year_month,time_type,user_type,age_range,use_amount_by_million
201801,밤,내국인,19세 이하,2
201801,밤,내국인,20대,605
201801,밤,내국인,30대,963
201801,밤,내국인,40대,1163
201801,밤,내국인,50대,978
201801,밤,내국인,60대,312
201801,밤,내국인,70대 이상,55
201801,밤,제주도민,19세 이하,11
201801,밤,제주도민,20대,1029
201801,밤,제주도민,30대,1607
201801,밤,제주도민,40대,2433
201801,밤,제주도민,50대,2061
201801,밤,제주도민,60대,572
201801,밤,제주도민,70대 이상,90
201801,오전,내국인,19세 이하,3
201801,오전,내국인,20대,700
201801,오전,내국인,30대,1329
201801,오전,내국인,40대,1869
201801,오전,내국인,50대,1836
201801,오전,내국인,60대,781
201801,오전,내국인,70대 이상,178
201801,오전,제주도민,19세 이하,4
201801,오전,제주도민,20대,292
201801,오전,제주도민,30대,881
201801,오전,제주도민,40대,1836
201801,오전,제주도민,50대,2015
201801,오전,제주도민,60대,1280
201801,오전,제주도민,70대 이상,501
201801,오후,내국인,19세 이하,15
201801,오후,내국인,20대,1847
201801,오후,내국인,30대,3218
201801,오후,내국인,40대,4306
201801,오후,내국인,50대,4050
201801,오후,내국인,60대,1716
201801,오후,내국인,70대 이상,406
201801,오후,제주도민,19세 이하,18
201801,오후,제주도민,20대,962
201801,오후,제주도민,30대,2689
201801,오후,제주도민,40대,5142
201801,오후,제주도민,50대,5127
201801,오후,제주도민,60대,2952
201801,오후,제주도민,70대 이상,1148
201801,저녁,내국인,19세 이하,15
201801,저녁,내국인,20대,1860
201801,저녁,내국인,30대,3012
201801,저녁,내국인,40대,4002
201801,저녁,내국인,50대,3742
201801,저녁,내국인,60대,1340
201801,저녁,내국인,70대 이상,276
201801,저녁,제주도민,19세 이하,22
201801,저녁,제주도민,20대,1661
201801,저녁,제주도민,30대,3616
201801,저녁,제주도민,40대,5968
201801,저녁,제주도민,50대,5874
201801,저녁,제주도민,60대,2380
201801,저녁,제주도민,70대 이상,531
201801,점심,내국인,19세 이하,8
201801,점심,내국인,20대,1296
201801,점심,내국인,30대,2344
201801,점심,내국인,40대,3035
201801,점심,내국인,50대,2854
201801,점심,내국인,60대,1226
201801,점심,내국인,70대 이상,339
201801,점심,제주도민,19세 이하,11
201801,점심,제주도민,20대,597
201801,점심,제주도민,30대,1922
201801,점심,제주도민,40대,3720
201801,점심,제주도민,50대,3706
201801,점심,제주도민,60대,2159
201801,점심,제주도민,70대 이상,944
201802,밤,내국인,19세 이하,1
201802,밤,내국인,20대,571
201802,밤,내국인,30대,793
201802,밤,내국인,40대,943
201802,밤,내국인,50대,782
201802,밤,내국인,60대,235
201802,밤,내국인,70대 이상,49
201802,밤,제주도민,19세 이하,11
201802,밤,제주도민,20대,995
201802,밤,제주도민,30대,1467
201802,밤,제주도민,40대,2217
201802,밤,제주도민,50대,1834
201802,밤,제주도민,60대,510
201802,밤,제주도민,70대 이상,83
201802,오전,내국인,19세 이하,3
201802,오전,내국인,20대,676
201802,오전,내국인,30대,1081
201802,오전,내국인,40대,1445
201802,오전,내국인,50대,1379
201802,오전,내국인,60대,570
201802,오전,내국인,70대 이상,152
201802,오전,제주도민,19세 이하,4
201802,오전,제주도민,20대,299
201802,오전,제주도민,30대,858
201802,오전,제주도민,40대,1793
201802,오전,제주도민,50대,2005
201802,오전,제주도민,60대,1252
201802,오전,제주도민,70대 이상,597
201802,오후,내국인,19세 이하,14
201802,오후,내국인,20대,1843
201802,오후,내국인,30대,2723
201802,오후,내국인,40대,3276
201802,오후,내국인,50대,2993
201802,오후,내국인,60대,1350
201802,오후,내국인,70대 이상,371
201802,오후,제주도민,19세 이하,24
201802,오후,제주도민,20대,1024
201802,오후,제주도민,30대,2587
201802,오후,제주도민,40대,4991
201802,오후,제주도민,50대,5179
201802,오후,제주도민,60대,3095
201802,오후,제주도민,70대 이상,1263
201802,저녁,내국인,19세 이하,12
201802,저녁,내국인,20대,1893
201802,저녁,내국인,30대,2426
201802,저녁,내국인,40대,3031
201802,저녁,내국인,50대,2752
201802,저녁,내국인,60대,1036
201802,저녁,내국인,70대 이상,222
201802,저녁,제주도민,19세 이하,23
201802,저녁,제주도민,20대,1652
201802,저녁,제주도민,30대,3254
201802,저녁,제주도민,40대,5443
201802,저녁,제주도민,50대,5218
201802,저녁,제주도민,60대,2152
201802,저녁,제주도민,70대 이상,553
201802,점심,내국인,19세 이하,7
201802,점심,내국인,20대,1342
201802,점심,내국인,30대,1958
201802,점심,내국인,40대,2387
201802,점심,내국인,50대,2113
201802,점심,내국인,60대,1006
201802,점심,내국인,70대 이상,310
201802,점심,제주도민,19세 이하,12
201802,점심,제주도민,20대,637
201802,점심,제주도민,30대,1812
201802,점심,제주도민,40대,3530
201802,점심,제주도민,50대,3752
201802,점심,제주도민,60대,2167
201802,점심,제주도민,70대 이상,1007
201803,밤,내국인,19세 이하,3
201803,밤,내국인,20대,567
201803,밤,내국인,30대,1004
201803,밤,내국인,40대,1160
201803,밤,내국인,50대,974
201803,밤,내국인,60대,348
201803,밤,내국인,70대 이상,57
201803,밤,제주도민,19세 이하,11
201803,밤,제주도민,20대,1031
201803,밤,제주도민,30대,1590
201803,밤,제주도민,40대,2568
201803,밤,제주도민,50대,2093
201803,밤,제주도민,60대,620
201803,밤,제주도민,70대 이상,96
201803,오전,내국인,19세 이하,11
201803,오전,내국인,20대,702
201803,오전,내국인,30대,1535
201803,오전,내국인,40대,1669
201803,오전,내국인,50대,1704
201803,오전,내국인,60대,1020
201803,오전,내국인,70대 이상,291
201803,오전,제주도민,19세 이하,6
201803,오전,제주도민,20대,349
201803,오전,제주도민,30대,982
201803,오전,제주도민,40대,1940
201803,오전,제주도민,50대,2245
201803,오전,제주도민,60대,1305
201803,오전,제주도민,70대 이상,572
201803,오후,내국인,19세 이하,22
201803,오후,내국인,20대,1658
201803,오후,내국인,30대,3579
201803,오후,내국인,40대,3476
201803,오후,내국인,50대,3530
201803,오후,내국인,60대,1820
201803,오후,내국인,70대 이상,450
201803,오후,제주도민,19세 이하,24
201803,오후,제주도민,20대,1046
201803,오후,제주도민,30대,2636
201803,오후,제주도민,40대,4904
201803,오후,제주도민,50대,4836
201803,오후,제주도민,60대,2761
201803,오후,제주도민,70대 이상,1052
201803,저녁,내국인,19세 이하,11
201803,저녁,내국인,20대,1777
201803,저녁,내국인,30대,3446
201803,저녁,내국인,40대,3366
201803,저녁,내국인,50대,3391
201803,저녁,내국인,60대,1641
201803,저녁,내국인,70대 이상,325
201803,저녁,제주도민,19세 이하,35
201803,저녁,제주도민,20대,1821
201803,저녁,제주도민,30대,3694
201803,저녁,제주도민,40대,6091
201803,저녁,제주도민,50대,5840
201803,저녁,제주도민,60대,2527
201803,저녁,제주도민,70대 이상,597
201803,점심,내국인,19세 이하,13
201803,점심,내국인,20대,1309
201803,점심,내국인,30대,2719
201803,점심,내국인,40대,2545
201803,점심,내국인,50대,2567
201803,점심,내국인,60대,1480
201803,점심,내국인,70대 이상,399
201803,점심,제주도민,19세 이하,9
201803,점심,제주도민,20대,782
201803,점심,제주도민,30대,2072
201803,점심,제주도민,40대,3698
201803,점심,제주도민,50대,3648
201803,점심,제주도민,60대,2153
201803,점심,제주도민,70대 이상,911
201804,밤,내국인,19세 이하,5
201804,밤,내국인,20대,581
201804,밤,내국인,30대,1089
201804,밤,내국인,40대,1250
201804,밤,내국인,50대,1120
201804,밤,내국인,60대,368
201804,밤,내국인,70대 이상,71
201804,밤,제주도민,19세 이하,11
201804,밤,제주도민,20대,1045
201804,밤,제주도민,30대,1591
201804,밤,제주도민,40대,2518
201804,밤,제주도민,50대,2170
201804,밤,제주도민,60대,636
201804,밤,제주도민,70대 이상,105
201804,오전,내국인,19세 이하,21
201804,오전,내국인,20대,715
201804,오전,내국인,30대,1974
201804,오전,내국인,40대,2108
201804,오전,내국인,50대,2159
201804,오전,내국인,60대,1245
201804,오전,내국인,70대 이상,352
201804,오전,제주도민,19세 이하,6
201804,오전,제주도민,20대,335
201804,오전,제주도민,30대,986
201804,오전,제주도민,40대,1961
201804,오전,제주도민,50대,2291
201804,오전,제주도민,60대,1246
201804,오전,제주도민,70대 이상,523
201804,오후,내국인,19세 이하,59
201804,오후,내국인,20대,1504
201804,오후,내국인,30대,3848
201804,오후,내국인,40대,3922
201804,오후,내국인,50대,3996
201804,오후,내국인,60대,2280
201804,오후,내국인,70대 이상,605
201804,오후,제주도민,19세 이하,21
201804,오후,제주도민,20대,1014
201804,오후,제주도민,30대,2652
201804,오후,제주도민,40대,4790
201804,오후,제주도민,50대,4800
201804,오후,제주도민,60대,2608
201804,오후,제주도민,70대 이상,991
201804,저녁,내국인,19세 이하,26
201804,저녁,내국인,20대,1751
201804,저녁,내국인,30대,4039
201804,저녁,내국인,40대,4020
201804,저녁,내국인,50대,4022
201804,저녁,내국인,60대,1980
201804,저녁,내국인,70대 이상,447
201804,저녁,제주도민,19세 이하,33
201804,저녁,제주도민,20대,1738
201804,저녁,제주도민,30대,3718
201804,저녁,제주도민,40대,6140
201804,저녁,제주도민,50대,5892
201804,저녁,제주도민,60대,2649
201804,저녁,제주도민,70대 이상,625
201804,점심,내국인,19세 이하,29
201804,점심,내국인,20대,1239
201804,점심,내국인,30대,2983
201804,점심,내국인,40대,3031
201804,점심,내국인,50대,2981
201804,점심,내국인,60대,1841
201804,점심,내국인,70대 이상,545
201804,점심,제주도민,19세 이하,9
201804,점심,제주도민,20대,766
201804,점심,제주도민,30대,2008
201804,점심,제주도민,40대,3682
201804,점심,제주도민,50대,3660
201804,점심,제주도민,60대,2056
201804,점심,제주도민,70대 이상,861
201805,밤,내국인,19세 이하,8
201805,밤,내국인,20대,616
201805,밤,내국인,30대,1124
201805,밤,내국인,40대,1294
201805,밤,내국인,50대,1102
201805,밤,내국인,60대,367
201805,밤,내국인,70대 이상,63
201805,밤,제주도민,19세 이하,11
201805,밤,제주도민,20대,1111
201805,밤,제주도민,30대,1650
201805,밤,제주도민,40대,2688
201805,밤,제주도민,50대,2238
201805,밤,제주도민,60대,659
201805,밤,제주도민,70대 이상,105
201805,오전,내국인,19세 이하,36
201805,오전,내국인,20대,704
201805,오전,내국인,30대,1872
201805,오전,내국인,40대,2257
201805,오전,내국인,50대,2057
201805,오전,내국인,60대,1079
201805,오전,내국인,70대 이상,309
201805,오전,제주도민,19세 이하,5
201805,오전,제주도민,20대,361
201805,오전,제주도민,30대,1052
201805,오전,제주도민,40대,2069
201805,오전,제주도민,50대,2449
201805,오전,제주도민,60대,1369
201805,오전,제주도민,70대 이상,576
201805,오후,내국인,19세 이하,91
201805,오후,내국인,20대,1534
201805,오후,내국인,30대,3896
201805,오후,내국인,40대,4367
201805,오후,내국인,50대,3797
201805,오후,내국인,60대,2021
201805,오후,내국인,70대 이상,576
201805,오후,제주도민,19세 이하,25
201805,오후,제주도민,20대,1072
201805,오후,제주도민,30대,2841
201805,오후,제주도민,40대,5256
201805,오후,제주도민,50대,5070
201805,오후,제주도민,60대,2890
201805,오후,제주도민,70대 이상,1032
201805,저녁,내국인,19세 이하,40
201805,저녁,내국인,20대,1735
201805,저녁,내국인,30대,3874
201805,저녁,내국인,40대,4332
201805,저녁,내국인,50대,3983
201805,저녁,내국인,60대,1863
201805,저녁,내국인,70대 이상,426
201805,저녁,제주도민,19세 이하,38
201805,저녁,제주도민,20대,1860
201805,저녁,제주도민,30대,3913
201805,저녁,제주도민,40대,6609
201805,저녁,제주도민,50대,6334
201805,저녁,제주도민,60대,2792
201805,저녁,제주도민,70대 이상,669
201805,점심,내국인,19세 이하,51
201805,점심,내국인,20대,1218
201805,점심,내국인,30대,3018
201805,점심,내국인,40대,3309
201805,점심,내국인,50대,2909
201805,점심,내국인,60대,1694
201805,점심,내국인,70대 이상,512
201805,점심,제주도민,19세 이하,10
201805,점심,제주도민,20대,797
201805,점심,제주도민,30대,2193
201805,점심,제주도민,40대,4014
201805,점심,제주도민,50대,3982
201805,점심,제주도민,60대,2149
201805,점심,제주도민,70대 이상,893
201806,밤,내국인,19세 이하,2
201806,밤,내국인,20대,705
201806,밤,내국인,30대,1124
201806,밤,내국인,40대,1278
201806,밤,내국인,50대,1071
201806,밤,내국인,60대,351
201806,밤,내국인,70대 이상,68
201806,밤,제주도민,19세 이하,12
201806,밤,제주도민,20대,1110
201806,밤,제주도민,30대,1640
201806,밤,제주도민,40대,2625
201806,밤,제주도민,50대,2223
201806,밤,제주도민,60대,668
201806,밤,제주도민,70대 이상,104
201806,오전,내국인,19세 이하,14
201806,오전,내국인,20대,778
201806,오전,내국인,30대,1846
201806,오전,내국인,40대,2149
201806,오전,내국인,50대,1800
201806,오전,내국인,60대,901
201806,오전,내국인,70대 이상,272
201806,오전,제주도민,19세 이하,5
201806,오전,제주도민,20대,348
201806,오전,제주도민,30대,1007
201806,오전,제주도민,40대,2027
201806,오전,제주도민,50대,2334
201806,오전,제주도민,60대,1296
201806,오전,제주도민,70대 이상,513
201806,오후,내국인,19세 이하,28
201806,오후,내국인,20대,1888
201806,오후,내국인,30대,4085
201806,오후,내국인,40대,4224
201806,오후,내국인,50대,3510
201806,오후,내국인,60대,1739
201806,오후,내국인,70대 이상,481
201806,오후,제주도민,19세 이하,23
201806,오후,제주도민,20대,1038
201806,오후,제주도민,30대,2664
201806,오후,제주도민,40대,4921
201806,오후,제주도민,50대,4826
201806,오후,제주도민,60대,2703
201806,오후,제주도민,70대 이상,927
201806,저녁,내국인,19세 이하,14
201806,저녁,내국인,20대,2104
201806,저녁,내국인,30대,4159
201806,저녁,내국인,40대,4276
201806,저녁,내국인,50대,3592
201806,저녁,내국인,60대,1633
201806,저녁,내국인,70대 이상,385
201806,저녁,제주도민,19세 이하,37
201806,저녁,제주도민,20대,1756
201806,저녁,제주도민,30대,3667
201806,저녁,제주도민,40대,6246
201806,저녁,제주도민,50대,5983
201806,저녁,제주도민,60대,2712
201806,저녁,제주도민,70대 이상,666
201806,점심,내국인,19세 이하,19
201806,점심,내국인,20대,1421
201806,점심,내국인,30대,3139
201806,점심,내국인,40대,3160
201806,점심,내국인,50대,2609
201806,점심,내국인,60대,1399
201806,점심,내국인,70대 이상,437
201806,점심,제주도민,19세 이하,10
201806,점심,제주도민,20대,769
201806,점심,제주도민,30대,2029
201806,점심,제주도민,40대,3707
201806,점심,제주도민,50대,3828
201806,점심,제주도민,60대,2127
201806,점심,제주도민,70대 이상,819
201807,밤,내국인,19세 이하,3
201807,밤,내국인,20대,909
201807,밤,내국인,30대,1252
201807,밤,내국인,40대,1280
201807,밤,내국인,50대,1007
201807,밤,내국인,60대,347
201807,밤,내국인,70대 이상,68
201807,밤,제주도민,19세 이하,14
201807,밤,제주도민,20대,1166
201807,밤,제주도민,30대,1752
201807,밤,제주도민,40대,2752
201807,밤,제주도민,50대,2316
201807,밤,제주도민,60대,633
201807,밤,제주도민,70대 이상,109
201807,오전,내국인,19세 이하,5
201807,오전,내국인,20대,1006
201807,오전,내국인,30대,1791
201807,오전,내국인,40대,2050
201807,오전,내국인,50대,1668
201807,오전,내국인,60대,740
201807,오전,내국인,70대 이상,210
201807,오전,제주도민,19세 이하,6
201807,오전,제주도민,20대,369
201807,오전,제주도민,30대,1081
201807,오전,제주도민,40대,2113
201807,오전,제주도민,50대,2344
201807,오전,제주도민,60대,1356
201807,오전,제주도민,70대 이상,544
201807,오후,내국인,19세 이하,18
201807,오후,내국인,20대,2491
201807,오후,내국인,30대,4248
201807,오후,내국인,40대,4425
201807,오후,내국인,50대,3329
201807,오후,내국인,60대,1505
201807,오후,내국인,70대 이상,412
201807,오후,제주도민,19세 이하,30
201807,오후,제주도민,20대,1074
201807,오후,제주도민,30대,2777
201807,오후,제주도민,40대,5033
201807,오후,제주도민,50대,4934
201807,오후,제주도민,60대,2589
201807,오후,제주도민,70대 이상,915
201807,저녁,내국인,19세 이하,11
201807,저녁,내국인,20대,2633
201807,저녁,내국인,30대,3993
201807,저녁,내국인,40대,4356
201807,저녁,내국인,50대,3377
201807,저녁,내국인,60대,1360
201807,저녁,내국인,70대 이상,344
201807,저녁,제주도민,19세 이하,37
201807,저녁,제주도민,20대,1851
201807,저녁,제주도민,30대,3900
201807,저녁,제주도민,40대,6642
201807,저녁,제주도민,50대,6295
201807,저녁,제주도민,60대,2684
201807,저녁,제주도민,70대 이상,678
201807,점심,내국인,19세 이하,9
201807,점심,내국인,20대,1955
201807,점심,내국인,30대,3156
201807,점심,내국인,40대,3321
201807,점심,내국인,50대,2533
201807,점심,내국인,60대,1220
201807,점심,내국인,70대 이상,383
201807,점심,제주도민,19세 이하,14
201807,점심,제주도민,20대,765
201807,점심,제주도민,30대,2200
201807,점심,제주도민,40대,3954
201807,점심,제주도민,50대,3904
201807,점심,제주도민,60대,2166
201807,점심,제주도민,70대 이상,857
201808,밤,내국인,19세 이하,5
201808,밤,내국인,20대,885
201808,밤,내국인,30대,1259
201808,밤,내국인,40대,1387
201808,밤,내국인,50대,1009
201808,밤,내국인,60대,319
201808,밤,내국인,70대 이상,66
201808,밤,제주도민,19세 이하,16
201808,밤,제주도민,20대,1179
201808,밤,제주도민,30대,1704
201808,밤,제주도민,40대,2703
201808,밤,제주도민,50대,2279
201808,밤,제주도민,60대,644
201808,밤,제주도민,70대 이상,107
201808,오전,내국인,19세 이하,7
201808,오전,내국인,20대,994
201808,오전,내국인,30대,1990
201808,오전,내국인,40대,2712
201808,오전,내국인,50대,1893
201808,오전,내국인,60대,845
201808,오전,내국인,70대 이상,224
201808,오전,제주도민,19세 이하,7
201808,오전,제주도민,20대,393
201808,오전,제주도민,30대,1137
201808,오전,제주도민,40대,2204
201808,오전,제주도민,50대,2392
201808,오전,제주도민,60대,1388
201808,오전,제주도민,70대 이상,555
201808,오후,내국인,19세 이하,19
201808,오후,내국인,20대,2525
201808,오후,내국인,30대,4632
201808,오후,내국인,40대,5438
201808,오후,내국인,50대,3697
201808,오후,내국인,60대,1645
201808,오후,내국인,70대 이상,455
201808,오후,제주도민,19세 이하,30
201808,오후,제주도민,20대,1138
201808,오후,제주도민,30대,2851
201808,오후,제주도민,40대,5145
201808,오후,제주도민,50대,4979
201808,오후,제주도민,60대,2637
201808,오후,제주도민,70대 이상,926
201808,저녁,내국인,19세 이하,14
201808,저녁,내국인,20대,2763
201808,저녁,내국인,30대,4631
201808,저녁,내국인,40대,5467
201808,저녁,내국인,50대,3733
201808,저녁,내국인,60대,1519
201808,저녁,내국인,70대 이상,385
201808,저녁,제주도민,19세 이하,39
201808,저녁,제주도민,20대,1936
201808,저녁,제주도민,30대,3916
201808,저녁,제주도민,40대,6684
201808,저녁,제주도민,50대,6204
201808,저녁,제주도민,60대,2701
201808,저녁,제주도민,70대 이상,696
201808,점심,내국인,19세 이하,14
201808,점심,내국인,20대,1953
201808,점심,내국인,30대,3621
201808,점심,내국인,40대,4227
201808,점심,내국인,50대,2869
201808,점심,내국인,60대,1413
201808,점심,내국인,70대 이상,446
201808,점심,제주도민,19세 이하,15
201808,점심,제주도민,20대,837
201808,점심,제주도민,30대,2252
201808,점심,제주도민,40대,4120
201808,점심,제주도민,50대,4040
201808,점심,제주도민,60대,2162
201808,점심,제주도민,70대 이상,830
201809,밤,내국인,19세 이하,4
201809,밤,내국인,20대,624
201809,밤,내국인,30대,1079
201809,밤,내국인,40대,1132
201809,밤,내국인,50대,926
201809,밤,내국인,60대,322
201809,밤,내국인,70대 이상,57
201809,밤,제주도민,19세 이하,16
201809,밤,제주도민,20대,1142
201809,밤,제주도민,30대,1685
201809,밤,제주도민,40대,2646
201809,밤,제주도민,50대,2192
201809,밤,제주도민,60대,639
201809,밤,제주도민,70대 이상,115
201809,오전,내국인,19세 이하,14
201809,오전,내국인,20대,760
201809,오전,내국인,30대,1807
201809,오전,내국인,40대,1958
201809,오전,내국인,50대,1666
201809,오전,내국인,60대,895
201809,오전,내국인,70대 이상,258
201809,오전,제주도민,19세 이하,8
201809,오전,제주도민,20대,390
201809,오전,제주도민,30대,1121
201809,오전,제주도민,40대,2221
201809,오전,제주도민,50대,2540
201809,오전,제주도민,60대,1617
201809,오전,제주도민,70대 이상,687
201809,오후,내국인,19세 이하,38
201809,오후,내국인,20대,1777
201809,오후,내국인,30대,4050
201809,오후,내국인,40대,3881
201809,오후,내국인,50대,3221
201809,오후,내국인,60대,1731
201809,오후,내국인,70대 이상,446
201809,오후,제주도민,19세 이하,32
201809,오후,제주도민,20대,1121
201809,오후,제주도민,30대,2858
201809,오후,제주도민,40대,5311
201809,오후,제주도민,50대,5412
201809,오후,제주도민,60대,3197
201809,오후,제주도민,70대 이상,1151
201809,저녁,내국인,19세 이하,18
201809,저녁,내국인,20대,2025
201809,저녁,내국인,30대,4036
201809,저녁,내국인,40대,3850
201809,저녁,내국인,50대,3185
201809,저녁,내국인,60대,1516
201809,저녁,내국인,70대 이상,332
201809,저녁,제주도민,19세 이하,45
201809,저녁,제주도민,20대,1887
201809,저녁,제주도민,30대,3822
201809,저녁,제주도민,40대,6488
201809,저녁,제주도민,50대,6148
201809,저녁,제주도민,60대,2695
201809,저녁,제주도민,70대 이상,647
201809,점심,내국인,19세 이하,23
201809,점심,내국인,20대,1383
201809,점심,내국인,30대,3091
201809,점심,내국인,40대,2952
201809,점심,내국인,50대,2498
201809,점심,내국인,60대,1382
201809,점심,내국인,70대 이상,415
201809,점심,제주도민,19세 이하,12
201809,점심,제주도민,20대,817
201809,점심,제주도민,30대,2145
201809,점심,제주도민,40대,4014
201809,점심,제주도민,50대,4171
201809,점심,제주도민,60대,2497
201809,점심,제주도민,70대 이상,1035
201810,밤,내국인,19세 이하,7
201810,밤,내국인,20대,591
201810,밤,내국인,30대,1000
201810,밤,내국인,40대,1197
201810,밤,내국인,50대,994
201810,밤,내국인,60대,366
201810,밤,내국인,70대 이상,53
201810,밤,제주도민,19세 이하,18
201810,밤,제주도민,20대,1071
201810,밤,제주도민,30대,1613
201810,밤,제주도민,40대,2431
201810,밤,제주도민,50대,2019
201810,밤,제주도민,60대,599
201810,밤,제주도민,70대 이상,105
201810,오전,내국인,19세 이하,21
201810,오전,내국인,20대,717
201810,오전,내국인,30대,1748
201810,오전,내국인,40대,2037
201810,오전,내국인,50대,1943
201810,오전,내국인,60대,1030
201810,오전,내국인,70대 이상,288
201810,오전,제주도민,19세 이하,8
201810,오전,제주도민,20대,386
201810,오전,제주도민,30대,1123
201810,오전,제주도민,40대,2143
201810,오전,제주도민,50대,2468
201810,오전,제주도민,60대,1371
201810,오전,제주도민,70대 이상,577
201810,오후,내국인,19세 이하,65
201810,오후,내국인,20대,1533
201810,오후,내국인,30대,3701
201810,오후,내국인,40대,4103
201810,오후,내국인,50대,3660
201810,오후,내국인,60대,1984
201810,오후,내국인,70대 이상,502
201810,오후,제주도민,19세 이하,37
201810,오후,제주도민,20대,1110
201810,오후,제주도민,30대,2834
201810,오후,제주도민,40대,5309
201810,오후,제주도민,50대,5137
201810,오후,제주도민,60대,2861
201810,오후,제주도민,70대 이상,1058
201810,저녁,내국인,19세 이하,36
201810,저녁,내국인,20대,1740
201810,저녁,내국인,30대,3661
201810,저녁,내국인,40대,4009
201810,저녁,내국인,50대,3532
201810,저녁,내국인,60대,1605
201810,저녁,내국인,70대 이상,364
201810,저녁,제주도민,19세 이하,50
201810,저녁,제주도민,20대,1836
201810,저녁,제주도민,30대,3735
201810,저녁,제주도민,40대,6160
201810,저녁,제주도민,50대,5740
201810,저녁,제주도민,60대,2401
201810,저녁,제주도민,70대 이상,584
201810,점심,내국인,19세 이하,35
201810,점심,내국인,20대,1211
201810,점심,내국인,30대,2829
201810,점심,내국인,40대,3041
201810,점심,내국인,50대,2721
201810,점심,내국인,60대,1616
201810,점심,내국인,70대 이상,459
201810,점심,제주도민,19세 이하,16
201810,점심,제주도민,20대,837
201810,점심,제주도민,30대,2154
201810,점심,제주도민,40대,3856
201810,점심,제주도민,50대,3904
201810,점심,제주도민,60대,2146
201810,점심,제주도민,70대 이상,936
201811,밤,내국인,19세 이하,4
201811,밤,내국인,20대,566
201811,밤,내국인,30대,850
201811,밤,내국인,40대,1105
201811,밤,내국인,50대,1018
201811,밤,내국인,60대,326
201811,밤,내국인,70대 이상,56
201811,밤,제주도민,19세 이하,16
201811,밤,제주도민,20대,1019
201811,밤,제주도민,30대,1481
201811,밤,제주도민,40대,2372
201811,밤,제주도민,50대,1957
201811,밤,제주도민,60대,552
201811,밤,제주도민,70대 이상,84
201811,오전,내국인,19세 이하,9
201811,오전,내국인,20대,649
201811,오전,내국인,30대,1397
201811,오전,내국인,40대,1784
201811,오전,내국인,50대,1862
201811,오전,내국인,60대,1020
201811,오전,내국인,70대 이상,298
201811,오전,제주도민,19세 이하,8
201811,오전,제주도민,20대,372
201811,오전,제주도민,30대,1015
201811,오전,제주도민,40대,2114
201811,오전,제주도민,50대,2399
201811,오전,제주도민,60대,1445
201811,오전,제주도민,70대 이상,656
201811,오후,내국인,19세 이하,32
201811,오후,내국인,20대,1471
201811,오후,내국인,30대,3095
201811,오후,내국인,40대,3612
201811,오후,내국인,50대,3870
201811,오후,내국인,60대,2029
201811,오후,내국인,70대 이상,514
201811,오후,제주도민,19세 이하,36
201811,오후,제주도민,20대,1052
201811,오후,제주도민,30대,2729
201811,오후,제주도민,40대,5046
201811,오후,제주도민,50대,5105
201811,오후,제주도민,60대,3109
201811,오후,제주도민,70대 이상,1192
201811,저녁,내국인,19세 이하,15
201811,저녁,내국인,20대,1628
201811,저녁,내국인,30대,3012
201811,저녁,내국인,40대,3494
201811,저녁,내국인,50대,3456
201811,저녁,내국인,60대,1574
201811,저녁,내국인,70대 이상,321
201811,저녁,제주도민,19세 이하,46
201811,저녁,제주도민,20대,1817
201811,저녁,제주도민,30대,3545
201811,저녁,제주도민,40대,6008
201811,저녁,제주도민,50대,5610
201811,저녁,제주도민,60대,2297
201811,저녁,제주도민,70대 이상,535
201811,점심,내국인,19세 이하,17
201811,점심,내국인,20대,1133
201811,점심,내국인,30대,2325
201811,점심,내국인,40대,2670
201811,점심,내국인,50대,2703
201811,점심,내국인,60대,1577
201811,점심,내국인,70대 이상,451
201811,점심,제주도민,19세 이하,15
201811,점심,제주도민,20대,799
201811,점심,제주도민,30대,2046
201811,점심,제주도민,40대,3799
201811,점심,제주도민,50대,3822
201811,점심,제주도민,60대,2291
201811,점심,제주도민,70대 이상,1020
201812,밤,내국인,19세 이하,5
201812,밤,내국인,20대,652
201812,밤,내국인,30대,910
201812,밤,내국인,40대,1028
201812,밤,내국인,50대,965
201812,밤,내국인,60대,271
201812,밤,내국인,70대 이상,48
201812,밤,제주도민,19세 이하,15
201812,밤,제주도민,20대,1134
201812,밤,제주도민,30대,1646
201812,밤,제주도민,40대,2623
201812,밤,제주도민,50대,2217
201812,밤,제주도민,60대,622
201812,밤,제주도민,70대 이상,106
201812,오전,내국인,19세 이하,4
201812,오전,내국인,20대,661
201812,오전,내국인,30대,1227
201812,오전,내국인,40대,1502
201812,오전,내국인,50대,1558
201812,오전,내국인,60대,722
201812,오전,내국인,70대 이상,197
201812,오전,제주도민,19세 이하,7
201812,오전,제주도민,20대,369
201812,오전,제주도민,30대,1006
201812,오전,제주도민,40대,2021
201812,오전,제주도민,50대,2307
201812,오전,제주도민,60대,1432
201812,오전,제주도민,70대 이상,721
201812,오후,내국인,19세 이하,16
201812,오후,내국인,20대,1844
201812,오후,내국인,30대,3188
201812,오후,내국인,40대,3542
201812,오후,내국인,50대,3453
201812,오후,내국인,60대,1632
201812,오후,내국인,70대 이상,404
201812,오후,제주도민,19세 이하,37
201812,오후,제주도민,20대,1144
201812,오후,제주도민,30대,2926
201812,오후,제주도민,40대,5437
201812,오후,제주도민,50대,5499
201812,오후,제주도민,60대,3221
201812,오후,제주도민,70대 이상,1317
201812,저녁,내국인,19세 이하,16
201812,저녁,내국인,20대,1936
201812,저녁,내국인,30대,3090
201812,저녁,내국인,40대,3378
201812,저녁,내국인,50대,3124
201812,저녁,내국인,60대,1249
201812,저녁,내국인,70대 이상,268
201812,저녁,제주도민,19세 이하,46
201812,저녁,제주도민,20대,1929
201812,저녁,제주도민,30대,3816
201812,저녁,제주도민,40대,6483
201812,저녁,제주도민,50대,6130
201812,저녁,제주도민,60대,2645
201812,저녁,제주도민,70대 이상,611
201812,점심,내국인,19세 이하,9
201812,점심,내국인,20대,1344
201812,점심,내국인,30대,2270
201812,점심,내국인,40대,2484
201812,점심,내국인,50대,2400
201812,점심,내국인,60대,1212
201812,점심,내국인,70대 이상,341
201812,점심,제주도민,19세 이하,13
201812,점심,제주도민,20대,781
201812,점심,제주도민,30대,2106
201812,점심,제주도민,40대,3891
201812,점심,제주도민,50대,3954
201812,점심,제주도민,60대,2445
201812,점심,제주도민,70대 이상,1188
201901,밤,내국인,19세 이하,8
201901,밤,내국인,20대,710
201901,밤,내국인,30대,932
201901,밤,내국인,40대,1123
201901,밤,내국인,50대,929
201901,밤,내국인,60대,275
201901,밤,내국인,70대 이상,49
201901,밤,제주도민,19세 이하,15
201901,밤,제주도민,20대,1138
201901,밤,제주도민,30대,1500
201901,밤,제주도민,40대,2413
201901,밤,제주도민,50대,1987
201901,밤,제주도민,60대,560
201901,밤,제주도민,70대 이상,93
201901,오전,내국인,19세 이하,7
201901,오전,내국인,20대,770
201901,오전,내국인,30대,1332
201901,오전,내국인,40대,1832
201901,오전,내국인,50대,1749
201901,오전,내국인,60대,738
201901,오전,내국인,70대 이상,177
201901,오전,제주도민,19세 이하,6
201901,오전,제주도민,20대,353
201901,오전,제주도민,30대,998
201901,오전,제주도민,40대,1933
201901,오전,제주도민,50대,2175
201901,오전,제주도민,60대,1330
201901,오전,제주도민,70대 이상,555
201901,오후,내국인,19세 이하,33
201901,오후,내국인,20대,2226
201901,오후,내국인,30대,3218
201901,오후,내국인,40대,4171
201901,오후,내국인,50대,3788
201901,오후,내국인,60대,1588
201901,오후,내국인,70대 이상,380
201901,오후,제주도민,19세 이하,40
201901,오후,제주도민,20대,1095
201901,오후,제주도민,30대,2803
201901,오후,제주도민,40대,5200
201901,오후,제주도민,50대,5244
201901,오후,제주도민,60대,3108
201901,오후,제주도민,70대 이상,1214
201901,저녁,내국인,19세 이하,28
201901,저녁,내국인,20대,2249
201901,저녁,내국인,30대,3041
201901,저녁,내국인,40대,3815
201901,저녁,내국인,50대,3446
201901,저녁,내국인,60대,1222
201901,저녁,내국인,70대 이상,269
201901,저녁,제주도민,19세 이하,42
201901,저녁,제주도민,20대,1838
201901,저녁,제주도민,30대,3707
201901,저녁,제주도민,40대,6242
201901,저녁,제주도민,50대,5824
201901,저녁,제주도민,60대,2345
201901,저녁,제주도민,70대 이상,547
201901,점심,내국인,19세 이하,19
201901,점심,내국인,20대,1556
201901,점심,내국인,30대,2365
201901,점심,내국인,40대,2986
201901,점심,내국인,50대,2674
201901,점심,내국인,60대,1167
201901,점심,내국인,70대 이상,331
201901,점심,제주도민,19세 이하,21
201901,점심,제주도민,20대,767
201901,점심,제주도민,30대,2110
201901,점심,제주도민,40대,3913
201901,점심,제주도민,50대,3980
201901,점심,제주도민,60대,2275
201901,점심,제주도민,70대 이상,1028
201902,밤,내국인,19세 이하,5
201902,밤,내국인,20대,692
201902,밤,내국인,30대,806
201902,밤,내국인,40대,949
201902,밤,내국인,50대,719
201902,밤,내국인,60대,216
201902,밤,내국인,70대 이상,39
201902,밤,제주도민,19세 이하,20
201902,밤,제주도민,20대,1066
201902,밤,제주도민,30대,1396
201902,밤,제주도민,40대,2185
201902,밤,제주도민,50대,1779
201902,밤,제주도민,60대,491
201902,밤,제주도민,70대 이상,86
201902,오전,내국인,19세 이하,7
201902,오전,내국인,20대,765
201902,오전,내국인,30대,1203
201902,오전,내국인,40대,1619
201902,오전,내국인,50대,1511
201902,오전,내국인,60대,604
201902,오전,내국인,70대 이상,158
201902,오전,제주도민,19세 이하,7
201902,오전,제주도민,20대,351
201902,오전,제주도민,30대,889
201902,오전,제주도민,40대,1793
201902,오전,제주도민,50대,2015
201902,오전,제주도민,60대,1181
201902,오전,제주도민,70대 이상,535
201902,오후,내국인,19세 이하,27
201902,오후,내국인,20대,2137
201902,오후,내국인,30대,2929
201902,오후,내국인,40대,3617
201902,오후,내국인,50대,3145
201902,오후,내국인,60대,1402
201902,오후,내국인,70대 이상,402
201902,오후,제주도민,19세 이하,45
201902,오후,제주도민,20대,1143
201902,오후,제주도민,30대,2620
201902,오후,제주도민,40대,4862
201902,오후,제주도민,50대,4785
201902,오후,제주도민,60대,2621
201902,오후,제주도민,70대 이상,1019
201902,저녁,내국인,19세 이하,27
201902,저녁,내국인,20대,2278
201902,저녁,내국인,30대,2759
201902,저녁,내국인,40대,3470
201902,저녁,내국인,50대,3004
201902,저녁,내국인,60대,1055
201902,저녁,내국인,70대 이상,244
201902,저녁,제주도민,19세 이하,49
201902,저녁,제주도민,20대,1737
201902,저녁,제주도민,30대,3269
201902,저녁,제주도민,40대,5382
201902,저녁,제주도민,50대,5147
201902,저녁,제주도민,60대,2020
201902,저녁,제주도민,70대 이상,488
201902,점심,내국인,19세 이하,16
201902,점심,내국인,20대,1577
201902,점심,내국인,30대,2142
201902,점심,내국인,40대,2588
201902,점심,내국인,50대,2300
201902,점심,내국인,60대,1041
201902,점심,내국인,70대 이상,304
201902,점심,제주도민,19세 이하,23
201902,점심,제주도민,20대,743
201902,점심,제주도민,30대,1935
201902,점심,제주도민,40대,3575
201902,점심,제주도민,50대,3664
201902,점심,제주도민,60대,2025
201902,점심,제주도민,70대 이상,897
201903,밤,내국인,19세 이하,5
201903,밤,내국인,20대,617
201903,밤,내국인,30대,978
201903,밤,내국인,40대,1080
201903,밤,내국인,50대,919
201903,밤,내국인,60대,284
201903,밤,내국인,70대 이상,58
201903,밤,제주도민,19세 이하,18
201903,밤,제주도민,20대,1084
201903,밤,제주도민,30대,1461
201903,밤,제주도민,40대,2401
201903,밤,제주도민,50대,1938
201903,밤,제주도민,60대,541
201903,밤,제주도민,70대 이상,92
201903,오전,내국인,19세 이하,11
201903,오전,내국인,20대,752
201903,오전,내국인,30대,1524
201903,오전,내국인,40대,1683
201903,오전,내국인,50대,1779
201903,오전,내국인,60대,1016
201903,오전,내국인,70대 이상,289
201903,오전,제주도민,19세 이하,10
201903,오전,제주도민,20대,376
201903,오전,제주도민,30대,1029
201903,오전,제주도민,40대,2022
201903,오전,제주도민,50대,2303
201903,오전,제주도민,60대,1319
201903,오전,제주도민,70대 이상,558
201903,오후,내국인,19세 이하,33
201903,오후,내국인,20대,1887
201903,오후,내국인,30대,3438
201903,오후,내국인,40대,3387
201903,오후,내국인,50대,3503
201903,오후,내국인,60대,1789
201903,오후,내국인,70대 이상,454
201903,오후,제주도민,19세 이하,47
201903,오후,제주도민,20대,1142
201903,오후,제주도민,30대,2848
201903,오후,제주도민,40대,5046
201903,오후,제주도민,50대,4856
201903,오후,제주도민,60대,2713
201903,오후,제주도민,70대 이상,1024
201903,저녁,내국인,19세 이하,22
201903,저녁,내국인,20대,2046
201903,저녁,내국인,30대,3348
201903,저녁,내국인,40대,3276
201903,저녁,내국인,50대,3793
201903,저녁,내국인,60대,1487
201903,저녁,내국인,70대 이상,319
201903,저녁,제주도민,19세 이하,59
201903,저녁,제주도민,20대,1880
201903,저녁,제주도민,30대,3635
201903,저녁,제주도민,40대,6104
201903,저녁,제주도민,50대,5542
201903,저녁,제주도민,60대,2389
201903,저녁,제주도민,70대 이상,553
201903,점심,내국인,19세 이하,20
201903,점심,내국인,20대,1461
201903,점심,내국인,30대,2616
201903,점심,내국인,40대,2534
201903,점심,내국인,50대,2631
201903,점심,내국인,60대,1433
201903,점심,내국인,70대 이상,452
201903,점심,제주도민,19세 이하,20
201903,점심,제주도민,20대,886
201903,점심,제주도민,30대,2170
201903,점심,제주도민,40대,3761
201903,점심,제주도민,50대,3734
201903,점심,제주도민,60대,2182
201903,점심,제주도민,70대 이상,922
201904,밤,내국인,19세 이하,8
201904,밤,내국인,20대,650
201904,밤,내국인,30대,972
201904,밤,내국인,40대,1090
201904,밤,내국인,50대,946
201904,밤,내국인,60대,324
201904,밤,내국인,70대 이상,60
201904,밤,제주도민,19세 이하,21
201904,밤,제주도민,20대,1051
201904,밤,제주도민,30대,1386
201904,밤,제주도민,40대,2297
201904,밤,제주도민,50대,1875
201904,밤,제주도민,60대,538
201904,밤,제주도민,70대 이상,80
201904,오전,내국인,19세 이하,27
201904,오전,내국인,20대,743
201904,오전,내국인,30대,1712
201904,오전,내국인,40대,1967
201904,오전,내국인,50대,2123
201904,오전,내국인,60대,1190
201904,오전,내국인,70대 이상,334
201904,오전,제주도민,19세 이하,10
201904,오전,제주도민,20대,375
201904,오전,제주도민,30대,1090
201904,오전,제주도민,40대,2074
201904,오전,제주도민,50대,2368
201904,오전,제주도민,60대,1338
201904,오전,제주도민,70대 이상,540
201904,오후,내국인,19세 이하,71
201904,오후,내국인,20대,1708
201904,오후,내국인,30대,3529
201904,오후,내국인,40대,3679
201904,오후,내국인,50대,3737
201904,오후,내국인,60대,2001
201904,오후,내국인,70대 이상,513
201904,오후,제주도민,19세 이하,44
201904,오후,제주도민,20대,1098
201904,오후,제주도민,30대,2720
201904,오후,제주도민,40대,4926
201904,오후,제주도민,50대,4642
201904,오후,제주도민,60대,2613
201904,오후,제주도민,70대 이상,1009
201904,저녁,내국인,19세 이하,37
201904,저녁,내국인,20대,1974
201904,저녁,내국인,30대,3561
201904,저녁,내국인,40대,3631
201904,저녁,내국인,50대,3691
201904,저녁,내국인,60대,1735
201904,저녁,내국인,70대 이상,358
201904,저녁,제주도민,19세 이하,66
201904,저녁,제주도민,20대,1823
201904,저녁,제주도민,30대,3616
201904,저녁,제주도민,40대,5977
201904,저녁,제주도민,50대,5706
201904,저녁,제주도민,60대,2317
201904,저녁,제주도민,70대 이상,555
201904,점심,내국인,19세 이하,47
201904,점심,내국인,20대,1352
201904,점심,내국인,30대,2740
201904,점심,내국인,40대,2726
201904,점심,내국인,50대,2772
201904,점심,내국인,60대,1686
201904,점심,내국인,70대 이상,489
201904,점심,제주도민,19세 이하,19
201904,점심,제주도민,20대,852
201904,점심,제주도민,30대,2110
201904,점심,제주도민,40대,3687
201904,점심,제주도민,50대,3649
201904,점심,제주도민,60대,2081
201904,점심,제주도민,70대 이상,889
201905,밤,내국인,19세 이하,14
201905,밤,내국인,20대,740
201905,밤,내국인,30대,1028
201905,밤,내국인,40대,1170
201905,밤,내국인,50대,1017
201905,밤,내국인,60대,331
201905,밤,내국인,70대 이상,58
201905,밤,제주도민,19세 이하,26
201905,밤,제주도민,20대,1179
201905,밤,제주도민,30대,1525
201905,밤,제주도민,40대,2398
201905,밤,제주도민,50대,1992
201905,밤,제주도민,60대,583
201905,밤,제주도민,70대 이상,94
201905,오전,내국인,19세 이하,40
201905,오전,내국인,20대,832
201905,오전,내국인,30대,1795
201905,오전,내국인,40대,2114
201905,오전,내국인,50대,2023
201905,오전,내국인,60대,1072
201905,오전,내국인,70대 이상,320
201905,오전,제주도민,19세 이하,13
201905,오전,제주도민,20대,423
201905,오전,제주도민,30대,1158
201905,오전,제주도민,40대,2209
201905,오전,제주도민,50대,2383
201905,오전,제주도민,60대,1417
201905,오전,제주도민,70대 이상,518
201905,오후,내국인,19세 이하,121
201905,오후,내국인,20대,1907
201905,오후,내국인,30대,3783
201905,오후,내국인,40대,3996
201905,오후,내국인,50대,3715
201905,오후,내국인,60대,1903
201905,오후,내국인,70대 이상,506
201905,오후,제주도민,19세 이하,56
201905,오후,제주도민,20대,1198
201905,오후,제주도민,30대,2980
201905,오후,제주도민,40대,5259
201905,오후,제주도민,50대,4907
201905,오후,제주도민,60대,2709
201905,오후,제주도민,70대 이상,950
201905,저녁,내국인,19세 이하,63
201905,저녁,내국인,20대,2191
201905,저녁,내국인,30대,3846
201905,저녁,내국인,40대,4071
201905,저녁,내국인,50대,3726
201905,저녁,내국인,60대,1699
201905,저녁,내국인,70대 이상,384
201905,저녁,제주도민,19세 이하,78
201905,저녁,제주도민,20대,2035
201905,저녁,제주도민,30대,4004
201905,저녁,제주도민,40대,6641
201905,저녁,제주도민,50대,6067
201905,저녁,제주도민,60대,2487
201905,저녁,제주도민,70대 이상,603
201905,점심,내국인,19세 이하,71
201905,점심,내국인,20대,1515
201905,점심,내국인,30대,2915
201905,점심,내국인,40대,3116
201905,점심,내국인,50대,2815
201905,점심,내국인,60대,1591
201905,점심,내국인,70대 이상,484
201905,점심,제주도민,19세 이하,24
201905,점심,제주도민,20대,939
201905,점심,제주도민,30대,2343
201905,점심,제주도민,40대,4041
201905,점심,제주도민,50대,3893
201905,점심,제주도민,60대,2197
201905,점심,제주도민,70대 이상,853
201906,밤,내국인,19세 이하,8
201906,밤,내국인,20대,893
201906,밤,내국인,30대,1143
201906,밤,내국인,40대,1247
201906,밤,내국인,50대,1003
201906,밤,내국인,60대,309
201906,밤,내국인,70대 이상,57
201906,밤,제주도민,19세 이하,30
201906,밤,제주도민,20대,1198
201906,밤,제주도민,30대,1486
201906,밤,제주도민,40대,2416
201906,밤,제주도민,50대,2036
201906,밤,제주도민,60대,553
201906,밤,제주도민,70대 이상,97
201906,오전,내국인,19세 이하,14
201906,오전,내국인,20대,895
201906,오전,내국인,30대,1819
201906,오전,내국인,40대,2060
201906,오전,내국인,50대,1819
201906,오전,내국인,60대,925
201906,오전,내국인,70대 이상,299
201906,오전,제주도민,19세 이하,12
201906,오전,제주도민,20대,391
201906,오전,제주도민,30대,1066
201906,오전,제주도민,40대,2081
201906,오전,제주도민,50대,2201
201906,오전,제주도민,60대,1306
201906,오전,제주도민,70대 이상,496
201906,오후,내국인,19세 이하,43
201906,오후,내국인,20대,2269
201906,오후,내국인,30대,3957
201906,오후,내국인,40대,3981
201906,오후,내국인,50대,3337
201906,오후,내국인,60대,1696
201906,오후,내국인,70대 이상,430
201906,오후,제주도민,19세 이하,52
201906,오후,제주도민,20대,1178
201906,오후,제주도민,30대,2740
201906,오후,제주도민,40대,4832
201906,오후,제주도민,50대,4521
201906,오후,제주도민,60대,2480
201906,오후,제주도민,70대 이상,856
201906,저녁,내국인,19세 이하,26
201906,저녁,내국인,20대,2551
201906,저녁,내국인,30대,4000
201906,저녁,내국인,40대,4036
201906,저녁,내국인,50대,3432
201906,저녁,내국인,60대,1536
201906,저녁,내국인,70대 이상,361
201906,저녁,제주도민,19세 이하,75
201906,저녁,제주도민,20대,1946
201906,저녁,제주도민,30대,3626
201906,저녁,제주도민,40대,6158
201906,저녁,제주도민,50대,5656
201906,저녁,제주도민,60대,2433
201906,저녁,제주도민,70대 이상,584
201906,점심,내국인,19세 이하,29
201906,점심,내국인,20대,1748
201906,점심,내국인,30대,3053
201906,점심,내국인,40대,3037
201906,점심,내국인,50대,2568
201906,점심,내국인,60대,1355
201906,점심,내국인,70대 이상,387
201906,점심,제주도민,19세 이하,22
201906,점심,제주도민,20대,913
201906,점심,제주도민,30대,2154
201906,점심,제주도민,40대,3803
201906,점심,제주도민,50대,3743
201906,점심,제주도민,60대,2073
201906,점심,제주도민,70대 이상,844
201907,밤,내국인,19세 이하,15
201907,밤,내국인,20대,1079
201907,밤,내국인,30대,1204
201907,밤,내국인,40대,1300
201907,밤,내국인,50대,1083
201907,밤,내국인,60대,289
201907,밤,내국인,70대 이상,62
201907,밤,제주도민,19세 이하,32
201907,밤,제주도민,20대,1277
201907,밤,제주도민,30대,1534
201907,밤,제주도민,40대,2460
201907,밤,제주도민,50대,1995
201907,밤,제주도민,60대,570
201907,밤,제주도민,70대 이상,95
201907,오전,내국인,19세 이하,13
201907,오전,내국인,20대,1083
201907,오전,내국인,30대,1728
201907,오전,내국인,40대,2101
201907,오전,내국인,50대,1563
201907,오전,내국인,60대,728
201907,오전,내국인,70대 이상,211
201907,오전,제주도민,19세 이하,12
201907,오전,제주도민,20대,420
201907,오전,제주도민,30대,1143
201907,오전,제주도민,40대,2081
201907,오전,제주도민,50대,2116
201907,오전,제주도민,60대,1210
201907,오전,제주도민,70대 이상,495
201907,오후,내국인,19세 이하,39
201907,오후,내국인,20대,2926
201907,오후,내국인,30대,4054
201907,오후,내국인,40대,4385
201907,오후,내국인,50대,3151
201907,오후,내국인,60대,1393
201907,오후,내국인,70대 이상,399
201907,오후,제주도민,19세 이하,69
201907,오후,제주도민,20대,1195
201907,오후,제주도민,30대,2864
201907,오후,제주도민,40대,4963
201907,오후,제주도민,50대,4651
201907,오후,제주도민,60대,2462
201907,오후,제주도민,70대 이상,874
201907,저녁,내국인,19세 이하,32
201907,저녁,내국인,20대,3147
201907,저녁,내국인,30대,3956
201907,저녁,내국인,40대,4315
201907,저녁,내국인,50대,3147
201907,저녁,내국인,60대,1227
201907,저녁,내국인,70대 이상,314
201907,저녁,제주도민,19세 이하,77
201907,저녁,제주도민,20대,2045
201907,저녁,제주도민,30대,3801
201907,저녁,제주도민,40대,6269
201907,저녁,제주도민,50대,5730
201907,저녁,제주도민,60대,2318
201907,저녁,제주도민,70대 이상,594
201907,점심,내국인,19세 이하,21
201907,점심,내국인,20대,2254
201907,점심,내국인,30대,3136
201907,점심,내국인,40대,3394
201907,점심,내국인,50대,2498
201907,점심,내국인,60대,1149
201907,점심,내국인,70대 이상,360
201907,점심,제주도민,19세 이하,32
201907,점심,제주도민,20대,902
201907,점심,제주도민,30대,2286
201907,점심,제주도민,40대,3931
201907,점심,제주도민,50대,3794
201907,점심,제주도민,60대,2046
201907,점심,제주도민,70대 이상,853
201908,밤,내국인,19세 이하,11
201908,밤,내국인,20대,1092
201908,밤,내국인,30대,1284
201908,밤,내국인,40대,1348
201908,밤,내국인,50대,992
201908,밤,내국인,60대,318
201908,밤,내국인,70대 이상,63
201908,밤,제주도민,19세 이하,33
201908,밤,제주도민,20대,1281
201908,밤,제주도민,30대,1599
201908,밤,제주도민,40대,2522
201908,밤,제주도민,50대,2077
201908,밤,제주도민,60대,607
201908,밤,제주도민,70대 이상,97
201908,오전,내국인,19세 이하,11
201908,오전,내국인,20대,1169
201908,오전,내국인,30대,2054
201908,오전,내국인,40대,2805
201908,오전,내국인,50대,1976
201908,오전,내국인,60대,898
201908,오전,내국인,70대 이상,236
201908,오전,제주도민,19세 이하,12
201908,오전,제주도민,20대,435
201908,오전,제주도민,30대,1210
201908,오전,제주도민,40대,2228
201908,오전,제주도민,50대,2330
201908,오전,제주도민,60대,1322
201908,오전,제주도민,70대 이상,584
201908,오후,내국인,19세 이하,30
201908,오후,내국인,20대,2968
201908,오후,내국인,30대,4699
201908,오후,내국인,40대,5358
201908,오후,내국인,50대,3743
201908,오후,내국인,60대,1631
201908,오후,내국인,70대 이상,461
201908,오후,제주도민,19세 이하,62
201908,오후,제주도민,20대,1222
201908,오후,제주도민,30대,2823
201908,오후,제주도민,40대,5036
201908,오후,제주도민,50대,4737
201908,오후,제주도민,60대,2635
201908,오후,제주도민,70대 이상,931
201908,저녁,내국인,19세 이하,28
201908,저녁,내국인,20대,3415
201908,저녁,내국인,30대,4803
201908,저녁,내국인,40대,5547
201908,저녁,내국인,50대,3810
201908,저녁,내국인,60대,1501
201908,저녁,내국인,70대 이상,353
201908,저녁,제주도민,19세 이하,75
201908,저녁,제주도민,20대,2079
201908,저녁,제주도민,30대,3902
201908,저녁,제주도민,40대,6548
201908,저녁,제주도민,50대,6026
201908,저녁,제주도민,60대,2457
201908,저녁,제주도민,70대 이상,649
201908,점심,내국인,19세 이하,21
201908,점심,내국인,20대,2395
201908,점심,내국인,30대,3722
201908,점심,내국인,40대,4143
201908,점심,내국인,50대,2915
201908,점심,내국인,60대,1353
201908,점심,내국인,70대 이상,409
201908,점심,제주도민,19세 이하,31
201908,점심,제주도민,20대,961
201908,점심,제주도민,30대,2294
201908,점심,제주도민,40대,4065
201908,점심,제주도민,50대,3895
201908,점심,제주도민,60대,2203
201908,점심,제주도민,70대 이상,880
201909,밤,내국인,19세 이하,6
201909,밤,내국인,20대,757
201909,밤,내국인,30대,970
201909,밤,내국인,40대,1034
201909,밤,내국인,50대,821
201909,밤,내국인,60대,264
201909,밤,내국인,70대 이상,47
201909,밤,제주도민,19세 이하,32
201909,밤,제주도민,20대,1242
201909,밤,제주도민,30대,1453
201909,밤,제주도민,40대,2282
201909,밤,제주도민,50대,1848
201909,밤,제주도민,60대,512
201909,밤,제주도민,70대 이상,94
201909,오전,내국인,19세 이하,14
201909,오전,내국인,20대,790
201909,오전,내국인,30대,1665
201909,오전,내국인,40대,1682
201909,오전,내국인,50대,1488
201909,오전,내국인,60대,842
201909,오전,내국인,70대 이상,231
201909,오전,제주도민,19세 이하,13
201909,오전,제주도민,20대,430
201909,오전,제주도민,30대,1067
201909,오전,제주도민,40대,2087
201909,오전,제주도민,50대,2262
201909,오전,제주도민,60대,1339
201909,오전,제주도민,70대 이상,580
201909,오후,내국인,19세 이하,44
201909,오후,내국인,20대,2027
201909,오후,내국인,30대,3674
201909,오후,내국인,40대,3407
201909,오후,내국인,50대,2808
201909,오후,내국인,60대,1483
201909,오후,내국인,70대 이상,397
201909,오후,제주도민,19세 이하,66
201909,오후,제주도민,20대,1214
201909,오후,제주도민,30대,2864
201909,오후,제주도민,40대,4904
201909,오후,제주도민,50대,4841
201909,오후,제주도민,60대,2675
201909,오후,제주도민,70대 이상,989
201909,저녁,내국인,19세 이하,23
201909,저녁,내국인,20대,2303
201909,저녁,내국인,30대,3665
201909,저녁,내국인,40대,3416
201909,저녁,내국인,50대,2749
201909,저녁,내국인,60대,1274
201909,저녁,내국인,70대 이상,287
201909,저녁,제주도민,19세 이하,83
201909,저녁,제주도민,20대,1974
201909,저녁,제주도민,30대,3592
201909,저녁,제주도민,40대,5872
201909,저녁,제주도민,50대,5321
201909,저녁,제주도민,60대,2214
201909,저녁,제주도민,70대 이상,538
201909,점심,내국인,19세 이하,23
201909,점심,내국인,20대,1604
201909,점심,내국인,30대,2846
201909,점심,내국인,40대,2590
201909,점심,내국인,50대,2159
201909,점심,내국인,60대,1239
201909,점심,내국인,70대 이상,363
201909,점심,제주도민,19세 이하,26
201909,점심,제주도민,20대,942
201909,점심,제주도민,30대,2168
201909,점심,제주도민,40대,3740
201909,점심,제주도민,50대,3912
201909,점심,제주도민,60대,2185
201909,점심,제주도민,70대 이상,873
201910,밤,내국인,19세 이하,13
201910,밤,내국인,20대,707
201910,밤,내국인,30대,1038
201910,밤,내국인,40대,1178
201910,밤,내국인,50대,976
201910,밤,내국인,60대,301
201910,밤,내국인,70대 이상,47
201910,밤,제주도민,19세 이하,33
201910,밤,제주도민,20대,1175
201910,밤,제주도민,30대,1447
201910,밤,제주도민,40대,2275
201910,밤,제주도민,50대,1802
201910,밤,제주도민,60대,513
201910,밤,제주도민,70대 이상,86
201910,오전,내국인,19세 이하,33
201910,오전,내국인,20대,844
201910,오전,내국인,30대,1913
201910,오전,내국인,40대,2141
201910,오전,내국인,50대,2029
201910,오전,내국인,60대,1085
201910,오전,내국인,70대 이상,310
201910,오전,제주도민,19세 이하,15
201910,오전,제주도민,20대,425
201910,오전,제주도민,30대,1143
201910,오전,제주도민,40대,2124
201910,오전,제주도민,50대,2332
201910,오전,제주도민,60대,1312
201910,오전,제주도민,70대 이상,540
201910,오후,내국인,19세 이하,83
201910,오후,내국인,20대,1913
201910,오후,내국인,30대,3906
201910,오후,내국인,40대,4076
201910,오후,내국인,50대,3850
201910,오후,내국인,60대,1907
201910,오후,내국인,70대 이상,502
201910,오후,제주도민,19세 이하,72
201910,오후,제주도민,20대,1173
201910,오후,제주도민,30대,2826
201910,오후,제주도민,40대,4979
201910,오후,제주도민,50대,4860
201910,오후,제주도민,60대,2695
201910,오후,제주도민,70대 이상,963
201910,저녁,내국인,19세 이하,61
201910,저녁,내국인,20대,2360
201910,저녁,내국인,30대,4091
201910,저녁,내국인,40대,4202
201910,저녁,내국인,50대,3749
201910,저녁,내국인,60대,1637
201910,저녁,내국인,70대 이상,342
201910,저녁,제주도민,19세 이하,94
201910,저녁,제주도민,20대,1988
201910,저녁,제주도민,30대,3676
201910,저녁,제주도민,40대,6124
201910,저녁,제주도민,50대,5468
201910,저녁,제주도민,60대,2202
201910,저녁,제주도민,70대 이상,527
201910,점심,내국인,19세 이하,52
201910,점심,내국인,20대,1568
201910,점심,내국인,30대,3017
201910,점심,내국인,40대,3077
201910,점심,내국인,50대,2792
201910,점심,내국인,60대,1529
201910,점심,내국인,70대 이상,465
201910,점심,제주도민,19세 이하,33
201910,점심,제주도민,20대,963
201910,점심,제주도민,30대,2232
201910,점심,제주도민,40대,3842
201910,점심,제주도민,50대,3751
201910,점심,제주도민,60대,2124
201910,점심,제주도민,70대 이상,900
201911,밤,내국인,19세 이하,10
201911,밤,내국인,20대,675
201911,밤,내국인,30대,894
201911,밤,내국인,40대,1131
201911,밤,내국인,50대,1002
201911,밤,내국인,60대,319
201911,밤,내국인,70대 이상,55
201911,밤,제주도민,19세 이하,31
201911,밤,제주도민,20대,1111
201911,밤,제주도민,30대,1364
201911,밤,제주도민,40대,2243
201911,밤,제주도민,50대,1723
201911,밤,제주도민,60대,477
201911,밤,제주도민,70대 이상,83
201911,오전,내국인,19세 이하,17
201911,오전,내국인,20대,810
201911,오전,내국인,30대,1483
201911,오전,내국인,40대,1881
201911,오전,내국인,50대,1978
201911,오전,내국인,60대,1140
201911,오전,내국인,70대 이상,305
201911,오전,제주도민,19세 이하,17
201911,오전,제주도민,20대,400
201911,오전,제주도민,30대,1105
201911,오전,제주도민,40대,2071
201911,오전,제주도민,50대,2250
201911,오전,제주도민,60대,1406
201911,오전,제주도민,70대 이상,603
201911,오후,내국인,19세 이하,55
201911,오후,내국인,20대,1934
201911,오후,내국인,30대,3275
201911,오후,내국인,40대,3715
201911,오후,내국인,50대,3901
201911,오후,내국인,60대,1899
201911,오후,내국인,70대 이상,521
201911,오후,제주도민,19세 이하,77
201911,오후,제주도민,20대,1154
201911,오후,제주도민,30대,2723
201911,오후,제주도민,40대,4941
201911,오후,제주도민,50대,4867
201911,오후,제주도민,60대,2770
201911,오후,제주도민,70대 이상,1128
201911,저녁,내국인,19세 이하,37
201911,저녁,내국인,20대,2285
201911,저녁,내국인,30대,3376
201911,저녁,내국인,40대,3817
201911,저녁,내국인,50대,3709
201911,저녁,내국인,60대,1574
201911,저녁,내국인,70대 이상,313
201911,저녁,제주도민,19세 이하,96
201911,저녁,제주도민,20대,1948
201911,저녁,제주도민,30대,3528
201911,저녁,제주도민,40대,5851
201911,저녁,제주도민,50대,5327
201911,저녁,제주도민,60대,2119
201911,저녁,제주도민,70대 이상,498
201911,점심,내국인,19세 이하,33
201911,점심,내국인,20대,1575
201911,점심,내국인,30대,2503
201911,점심,내국인,40대,2896
201911,점심,내국인,50대,2919
201911,점심,내국인,60대,1553
201911,점심,내국인,70대 이상,464
201911,점심,제주도민,19세 이하,41
201911,점심,제주도민,20대,919
201911,점심,제주도민,30대,2126
201911,점심,제주도민,40대,3685
201911,점심,제주도민,50대,3709
201911,점심,제주도민,60대,2179
201911,점심,제주도민,70대 이상,965
201912,밤,내국인,19세 이하,15
201912,밤,내국인,20대,821
201912,밤,내국인,30대,970
201912,밤,내국인,40대,1135
201912,밤,내국인,50대,907
201912,밤,내국인,60대,295
201912,밤,내국인,70대 이상,47
201912,밤,제주도민,19세 이하,40
201912,밤,제주도민,20대,1162
201912,밤,제주도민,30대,1464
201912,밤,제주도민,40대,2368
201912,밤,제주도민,50대,1840
201912,밤,제주도민,60대,545
201912,밤,제주도민,70대 이상,83
201912,오전,내국인,19세 이하,20
201912,오전,내국인,20대,852
201912,오전,내국인,30대,1424
201912,오전,내국인,40대,1873
201912,오전,내국인,50대,1720
201912,오전,내국인,60대,813
201912,오전,내국인,70대 이상,202
201912,오전,제주도민,19세 이하,16
201912,오전,제주도민,20대,391
201912,오전,제주도민,30대,1050
201912,오전,제주도민,40대,2065
201912,오전,제주도민,50대,2214
201912,오전,제주도민,60대,1326
201912,오전,제주도민,70대 이상,620
201912,오후,내국인,19세 이하,64
201912,오후,내국인,20대,2434
201912,오후,내국인,30대,3468
201912,오후,내국인,40대,3927
201912,오후,내국인,50대,3702
201912,오후,내국인,60대,1674
201912,오후,내국인,70대 이상,397
201912,오후,제주도민,19세 이하,78
201912,오후,제주도민,20대,1204
201912,오후,제주도민,30대,2893
201912,오후,제주도민,40대,5125
201912,오후,제주도민,50대,5103
201912,오후,제주도민,60대,2937
201912,오후,제주도민,70대 이상,1136
201912,저녁,내국인,19세 이하,68
201912,저녁,내국인,20대,2732
201912,저녁,내국인,30대,3377
201912,저녁,내국인,40대,3709
201912,저녁,내국인,50대,3398
201912,저녁,내국인,60대,1241
201912,저녁,내국인,70대 이상,240
201912,저녁,제주도민,19세 이하,98
201912,저녁,제주도민,20대,1979
201912,저녁,제주도민,30대,3631
201912,저녁,제주도민,40대,6201
201912,저녁,제주도민,50대,5697
201912,저녁,제주도민,60대,2258
201912,저녁,제주도민,70대 이상,539
201912,점심,내국인,19세 이하,38
201912,점심,내국인,20대,1888
201912,점심,내국인,30대,2585
201912,점심,내국인,40대,2832
201912,점심,내국인,50대,2560
201912,점심,내국인,60대,1247
201912,점심,내국인,70대 이상,349
201912,점심,제주도민,19세 이하,43
201912,점심,제주도민,20대,903
201912,점심,제주도민,30대,2166
201912,점심,제주도민,40대,3745
201912,점심,제주도민,50대,3937
201912,점심,제주도민,60대,2235
201912,점심,제주도민,70대 이상,1032
202001,밤,내국인,19세 이하,7
202001,밤,내국인,20대,662
202001,밤,내국인,30대,748
202001,밤,내국인,40대,830
202001,밤,내국인,50대,737
202001,밤,내국인,60대,230
202001,밤,내국인,70대 이상,33
202001,밤,제주도민,19세 이하,19
202001,밤,제주도민,20대,1226
202001,밤,제주도민,30대,1473
202001,밤,제주도민,40대,2434
202001,밤,제주도민,50대,2103
202001,밤,제주도민,60대,645
202001,밤,제주도민,70대 이상,111
202001,오전,내국인,19세 이하,8
202001,오전,내국인,20대,745
202001,오전,내국인,30대,1218
202001,오전,내국인,40대,1773
202001,오전,내국인,50대,1605
202001,오전,내국인,60대,717
202001,오전,내국인,70대 이상,187
202001,오전,제주도민,19세 이하,9
202001,오전,제주도민,20대,381
202001,오전,제주도민,30대,1031
202001,오전,제주도민,40대,2106
202001,오전,제주도민,50대,2478
202001,오전,제주도민,60대,1579
202001,오전,제주도민,70대 이상,650
202001,오후,내국인,19세 이하,31
202001,오후,내국인,20대,2123
202001,오후,내국인,30대,2893
202001,오후,내국인,40대,3764
202001,오후,내국인,50대,3362
202001,오후,내국인,60대,1498
202001,오후,내국인,70대 이상,362
202001,오후,제주도민,19세 이하,47
202001,오후,제주도민,20대,1171
202001,오후,제주도민,30대,2897
202001,오후,제주도민,40대,5281
202001,오후,제주도민,50대,5708
202001,오후,제주도민,60대,3481
202001,오후,제주도민,70대 이상,1314
202001,저녁,내국인,19세 이하,30
202001,저녁,내국인,20대,2316
202001,저녁,내국인,30대,2719
202001,저녁,내국인,40대,3389
202001,저녁,내국인,50대,3089
202001,저녁,내국인,60대,1176
202001,저녁,내국인,70대 이상,234
202001,저녁,제주도민,19세 이하,55
202001,저녁,제주도민,20대,1810
202001,저녁,제주도민,30대,3522
202001,저녁,제주도민,40대,5912
202001,저녁,제주도민,50대,6052
202001,저녁,제주도민,60대,2617
202001,저녁,제주도민,70대 이상,626
202001,점심,내국인,19세 이하,22
202001,점심,내국인,20대,1569
202001,점심,내국인,30대,2167
202001,점심,내국인,40대,2757
202001,점심,내국인,50대,2457
202001,점심,내국인,60대,1136
202001,점심,내국인,70대 이상,313
202001,점심,제주도민,19세 이하,30
202001,점심,제주도민,20대,812
202001,점심,제주도민,30대,2132
202001,점심,제주도민,40대,4047
202001,점심,제주도민,50대,4409
202001,점심,제주도민,60대,2656
202001,점심,제주도민,70대 이상,1171
202002,밤,내국인,19세 이하,4
202002,밤,내국인,20대,395
202002,밤,내국인,30대,447
202002,밤,내국인,40대,522
202002,밤,내국인,50대,452
202002,밤,내국인,60대,147
202002,밤,내국인,70대 이상,26
202002,밤,제주도민,19세 이하,19
202002,밤,제주도민,20대,1028
202002,밤,제주도민,30대,1262
202002,밤,제주도민,40대,2018
202002,밤,제주도민,50대,1753
202002,밤,제주도민,60대,533
202002,밤,제주도민,70대 이상,80
202002,오전,내국인,19세 이하,4
202002,오전,내국인,20대,395
202002,오전,내국인,30대,565
202002,오전,내국인,40대,826
202002,오전,내국인,50대,799
202002,오전,내국인,60대,339
202002,오전,내국인,70대 이상,75
202002,오전,제주도민,19세 이하,7
202002,오전,제주도민,20대,329
202002,오전,제주도민,30대,919
202002,오전,제주도민,40대,1844
202002,오전,제주도민,50대,2150
202002,오전,제주도민,60대,1250
202002,오전,제주도민,70대 이상,502
202002,오후,내국인,19세 이하,20
202002,오후,내국인,20대,1272
202002,오후,내국인,30대,1545
202002,오후,내국인,40대,2053
202002,오후,내국인,50대,1893
202002,오후,내국인,60대,802
202002,오후,내국인,70대 이상,180
202002,오후,제주도민,19세 이하,51
202002,오후,제주도민,20대,1093
202002,오후,제주도민,30대,2623
202002,오후,제주도민,40대,4786
202002,오후,제주도민,50대,5036
202002,오후,제주도민,60대,2835
202002,오후,제주도민,70대 이상,1024
202002,저녁,내국인,19세 이하,19
202002,저녁,내국인,20대,1421
202002,저녁,내국인,30대,1527
202002,저녁,내국인,40대,1930
202002,저녁,내국인,50대,1814
202002,저녁,내국인,60대,604
202002,저녁,내국인,70대 이상,120
202002,저녁,제주도민,19세 이하,56
202002,저녁,제주도민,20대,1703
202002,저녁,제주도민,30대,3118
202002,저녁,제주도민,40대,5193
202002,저녁,제주도민,50대,5106
202002,저녁,제주도민,60대,2109
202002,저녁,제주도민,70대 이상,492
202002,점심,내국인,19세 이하,12
202002,점심,내국인,20대,974
202002,점심,내국인,30대,1132
202002,점심,내국인,40대,1410
202002,점심,내국인,50대,1326
202002,점심,내국인,60대,565
202002,점심,내국인,70대 이상,142
202002,점심,제주도민,19세 이하,30
202002,점심,제주도민,20대,782
202002,점심,제주도민,30대,1959
202002,점심,제주도민,40대,3634
202002,점심,제주도민,50대,3870
202002,점심,제주도민,60대,2196
202002,점심,제주도민,70대 이상,913
202003,밤,내국인,19세 이하,2
202003,밤,내국인,20대,338
202003,밤,내국인,30대,408
202003,밤,내국인,40대,451
202003,밤,내국인,50대,407
202003,밤,내국인,60대,137
202003,밤,내국인,70대 이상,21
202003,밤,제주도민,19세 이하,18
202003,밤,제주도민,20대,1041
202003,밤,제주도민,30대,1234
202003,밤,제주도민,40대,1974
202003,밤,제주도민,50대,1764
202003,밤,제주도민,60대,505
202003,밤,제주도민,70대 이상,79
202003,오전,내국인,19세 이하,3
202003,오전,내국인,20대,301
202003,오전,내국인,30대,481
202003,오전,내국인,40대,592
202003,오전,내국인,50대,589
202003,오전,내국인,60대,293
202003,오전,내국인,70대 이상,66
202003,오전,제주도민,19세 이하,6
202003,오전,제주도민,20대,322
202003,오전,제주도민,30대,953
202003,오전,제주도민,40대,1906
202003,오전,제주도민,50대,2257
202003,오전,제주도민,60대,1405
202003,오전,제주도민,70대 이상,620
202003,오후,내국인,19세 이하,9
202003,오후,내국인,20대,1125
202003,오후,내국인,30대,1624
202003,오후,내국인,40대,1773
202003,오후,내국인,50대,1570
202003,오후,내국인,60대,763
202003,오후,내국인,70대 이상,207
202003,오후,제주도민,19세 이하,54
202003,오후,제주도민,20대,1201
202003,오후,제주도민,30대,2807
202003,오후,제주도민,40대,5195
202003,오후,제주도민,50대,5526
202003,오후,제주도민,60대,3080
202003,오후,제주도민,70대 이상,1152
202003,저녁,내국인,19세 이하,10
202003,저녁,내국인,20대,1243
202003,저녁,내국인,30대,1615
202003,저녁,내국인,40대,1644
202003,저녁,내국인,50대,1531
202003,저녁,내국인,60대,595
202003,저녁,내국인,70대 이상,132
202003,저녁,제주도민,19세 이하,55
202003,저녁,제주도민,20대,1781
202003,저녁,제주도민,30대,3270
202003,저녁,제주도민,40대,5432
202003,저녁,제주도민,50대,5356
202003,저녁,제주도민,60대,2179
202003,저녁,제주도민,70대 이상,509
202003,점심,내국인,19세 이하,6
202003,점심,내국인,20대,841
202003,점심,내국인,30대,1144
202003,점심,내국인,40대,1236
202003,점심,내국인,50대,1117
202003,점심,내국인,60대,549
202003,점심,내국인,70대 이상,156
202003,점심,제주도민,19세 이하,26
202003,점심,제주도민,20대,846
202003,점심,제주도민,30대,2097
202003,점심,제주도민,40대,3881
202003,점심,제주도민,50대,4214
202003,점심,제주도민,60대,2438
202003,점심,제주도민,70대 이상,981
202004,밤,내국인,19세 이하,3
202004,밤,내국인,20대,345
202004,밤,내국인,30대,494
202004,밤,내국인,40대,474
202004,밤,내국인,50대,441
202004,밤,내국인,60대,129
202004,밤,내국인,70대 이상,21
202004,밤,제주도민,19세 이하,19
202004,밤,제주도민,20대,1018
202004,밤,제주도민,30대,1291
202004,밤,제주도민,40대,2110
202004,밤,제주도민,50대,1814
202004,밤,제주도민,60대,558
202004,밤,제주도민,70대 이상,83
202004,오전,내국인,19세 이하,2
202004,오전,내국인,20대,302
202004,오전,내국인,30대,586
202004,오전,내국인,40대,676
202004,오전,내국인,50대,661
202004,오전,내국인,60대,333
202004,오전,내국인,70대 이상,90
202004,오전,제주도민,19세 이하,7
202004,오전,제주도민,20대,338
202004,오전,제주도민,30대,1071
202004,오전,제주도민,40대,1932
202004,오전,제주도민,50대,2180
202004,오전,제주도민,60대,1359
202004,오전,제주도민,70대 이상,597
202004,오후,내국인,19세 이하,8
202004,오후,내국인,20대,1098
202004,오후,내국인,30대,1951
202004,오후,내국인,40대,1746
202004,오후,내국인,50대,1671
202004,오후,내국인,60대,867
202004,오후,내국인,70대 이상,246
202004,오후,제주도민,19세 이하,49
202004,오후,제주도민,20대,1182
202004,오후,제주도민,30대,3340
202004,오후,제주도민,40대,5313
202004,오후,제주도민,50대,5071
202004,오후,제주도민,60대,2928
202004,오후,제주도민,70대 이상,1100
202004,저녁,내국인,19세 이하,8
202004,저녁,내국인,20대,1220
202004,저녁,내국인,30대,2018
202004,저녁,내국인,40대,1749
202004,저녁,내국인,50대,1643
202004,저녁,내국인,60대,718
202004,저녁,내국인,70대 이상,163
202004,저녁,제주도민,19세 이하,55
202004,저녁,제주도민,20대,1787
202004,저녁,제주도민,30대,3709
202004,저녁,제주도민,40대,5752
202004,저녁,제주도민,50대,5499
202004,저녁,제주도민,60대,2381
202004,저녁,제주도민,70대 이상,553
202004,점심,내국인,19세 이하,5
202004,점심,내국인,20대,827
202004,점심,내국인,30대,1475
202004,점심,내국인,40대,1263
202004,점심,내국인,50대,1184
202004,점심,내국인,60대,685
202004,점심,내국인,70대 이상,183
202004,점심,제주도민,19세 이하,27
202004,점심,제주도민,20대,860
202004,점심,제주도민,30대,2418
202004,점심,제주도민,40대,3941
202004,점심,제주도민,50대,4017
202004,점심,제주도민,60대,2377
202004,점심,제주도민,70대 이상,1016
202005,밤,내국인,19세 이하,3
202005,밤,내국인,20대,513
202005,밤,내국인,30대,683
202005,밤,내국인,40대,616
202005,밤,내국인,50대,540
202005,밤,내국인,60대,178
202005,밤,내국인,70대 이상,32
202005,밤,제주도민,19세 이하,18
202005,밤,제주도민,20대,1161
202005,밤,제주도민,30대,1448
202005,밤,제주도민,40대,2310
202005,밤,제주도민,50대,2130
202005,밤,제주도민,60대,670
202005,밤,제주도민,70대 이상,108
202005,오전,내국인,19세 이하,3
202005,오전,내국인,20대,504
202005,오전,내국인,30대,1042
202005,오전,내국인,40대,1099
202005,오전,내국인,50대,1079
202005,오전,내국인,60대,598
202005,오전,내국인,70대 이상,168
202005,오전,제주도민,19세 이하,8
202005,오전,제주도민,20대,361
202005,오전,제주도민,30대,1108
202005,오전,제주도민,40대,2076
202005,오전,제주도민,50대,2539
202005,오전,제주도민,60대,1596
202005,오전,제주도민,70대 이상,704
202005,오후,내국인,19세 이하,10
202005,오후,내국인,20대,1610
202005,오후,내국인,30대,3073
202005,오후,내국인,40대,2756
202005,오후,내국인,50대,2551
202005,오후,내국인,60대,1385
202005,오후,내국인,70대 이상,348
202005,오후,제주도민,19세 이하,54
202005,오후,제주도민,20대,1266
202005,오후,제주도민,30대,3342
202005,오후,제주도민,40대,5939
202005,오후,제주도민,50대,5835
202005,오후,제주도민,60대,3486
202005,오후,제주도민,70대 이상,1385
202005,저녁,내국인,19세 이하,14
202005,저녁,내국인,20대,1761
202005,저녁,내국인,30대,2953
202005,저녁,내국인,40대,2620
202005,저녁,내국인,50대,2371
202005,저녁,내국인,60대,1127
202005,저녁,내국인,70대 이상,224
202005,저녁,제주도민,19세 이하,63
202005,저녁,제주도민,20대,1934
202005,저녁,제주도민,30대,4050
202005,저녁,제주도민,40대,6812
202005,저녁,제주도민,50대,6886
202005,저녁,제주도민,60대,3069
202005,저녁,제주도민,70대 이상,799
202005,점심,내국인,19세 이하,8
202005,점심,내국인,20대,1252
202005,점심,내국인,30대,2410
202005,점심,내국인,40대,2015
202005,점심,내국인,50대,1901
202005,점심,내국인,60대,1031
202005,점심,내국인,70대 이상,273
202005,점심,제주도민,19세 이하,25
202005,점심,제주도민,20대,911
202005,점심,제주도민,30대,2505
202005,점심,제주도민,40대,4361
202005,점심,제주도민,50대,4658
202005,점심,제주도민,60대,2815
202005,점심,제주도민,70대 이상,1243
202006,밤,내국인,19세 이하,4
202006,밤,내국인,20대,604
202006,밤,내국인,30대,800
202006,밤,내국인,40대,704
202006,밤,내국인,50대,597
202006,밤,내국인,60대,206
202006,밤,내국인,70대 이상,33
202006,밤,제주도민,19세 이하,22
202006,밤,제주도민,20대,1119
202006,밤,제주도민,30대,1389
202006,밤,제주도민,40대,2260
202006,밤,제주도민,50대,2066
202006,밤,제주도민,60대,658
202006,밤,제주도민,70대 이상,108
202006,오전,내국인,19세 이하,4
202006,오전,내국인,20대,574
202006,오전,내국인,30대,1199
202006,오전,내국인,40대,1182
202006,오전,내국인,50대,1139
202006,오전,내국인,60대,654
202006,오전,내국인,70대 이상,159
202006,오전,제주도민,19세 이하,11
202006,오전,제주도민,20대,357
202006,오전,제주도민,30대,1042
202006,오전,제주도민,40대,1988
202006,오전,제주도민,50대,2294
202006,오전,제주도민,60대,1477
202006,오전,제주도민,70대 이상,631
202006,오후,내국인,19세 이하,12
202006,오후,내국인,20대,1862
202006,오후,내국인,30대,3508
202006,오후,내국인,40대,2623
202006,오후,내국인,50대,2643
202006,오후,내국인,60대,1408
202006,오후,내국인,70대 이상,378
202006,오후,제주도민,19세 이하,57
202006,오후,제주도민,20대,1095
202006,오후,제주도민,30대,2646
202006,오후,제주도민,40대,4788
202006,오후,제주도민,50대,4988
202006,오후,제주도민,60대,2938
202006,오후,제주도민,70대 이상,1125
202006,저녁,내국인,19세 이하,11
202006,저녁,내국인,20대,2047
202006,저녁,내국인,30대,3333
202006,저녁,내국인,40대,2564
202006,저녁,내국인,50대,2407
202006,저녁,내국인,60대,1155
202006,저녁,내국인,70대 이상,251
202006,저녁,제주도민,19세 이하,68
202006,저녁,제주도민,20대,1796
202006,저녁,제주도민,30대,3403
202006,저녁,제주도민,40대,5717
202006,저녁,제주도민,50대,6061
202006,저녁,제주도민,60대,2711
202006,저녁,제주도민,70대 이상,780
202006,점심,내국인,19세 이하,8
202006,점심,내국인,20대,1446
202006,점심,내국인,30대,2747
202006,점심,내국인,40대,1969
202006,점심,내국인,50대,1912
202006,점심,내국인,60대,1115
202006,점심,내국인,70대 이상,313
202006,점심,제주도민,19세 이하,18
202006,점심,제주도민,20대,859
202006,점심,제주도민,30대,2121
202006,점심,제주도민,40대,3758
202006,점심,제주도민,50대,4058
202006,점심,제주도민,60대,2518
202006,점심,제주도민,70대 이상,1072
202007,밤,내국인,19세 이하,5
202007,밤,내국인,20대,930
202007,밤,내국인,30대,929
202007,밤,내국인,40대,778
202007,밤,내국인,50대,644
202007,밤,내국인,60대,203
202007,밤,내국인,70대 이상,34
202007,밤,제주도민,19세 이하,22
202007,밤,제주도민,20대,1172
202007,밤,제주도민,30대,1457
202007,밤,제주도민,40대,2332
202007,밤,제주도민,50대,2085
202007,밤,제주도민,60대,675
202007,밤,제주도민,70대 이상,99
202007,오전,내국인,19세 이하,4
202007,오전,내국인,20대,892
202007,오전,내국인,30대,1410
202007,오전,내국인,40대,1366
202007,오전,내국인,50대,1259
202007,오전,내국인,60대,606
202007,오전,내국인,70대 이상,142
202007,오전,제주도민,19세 이하,12
202007,오전,제주도민,20대,387
202007,오전,제주도민,30대,1053
202007,오전,제주도민,40대,1999
202007,오전,제주도민,50대,2351
202007,오전,제주도민,60대,1420
202007,오전,제주도민,70대 이상,537
202007,오후,내국인,19세 이하,11
202007,오후,내국인,20대,2719
202007,오후,내국인,30대,4032
202007,오후,내국인,40대,3072
202007,오후,내국인,50대,2798
202007,오후,내국인,60대,1323
202007,오후,내국인,70대 이상,338
202007,오후,제주도민,19세 이하,59
202007,오후,제주도민,20대,1118
202007,오후,제주도민,30대,2686
202007,오후,제주도민,40대,4801
202007,오후,제주도민,50대,4963
202007,오후,제주도민,60대,2990
202007,오후,제주도민,70대 이상,1047
202007,저녁,내국인,19세 이하,11
202007,저녁,내국인,20대,3072
202007,저녁,내국인,30대,3821
202007,저녁,내국인,40대,3023
202007,저녁,내국인,50대,2629
202007,저녁,내국인,60대,1109
202007,저녁,내국인,70대 이상,227
202007,저녁,제주도민,19세 이하,67
202007,저녁,제주도민,20대,1858
202007,저녁,제주도민,30대,3465
202007,저녁,제주도민,40대,5777
202007,저녁,제주도민,50대,5986
202007,저녁,제주도민,60대,2713
202007,저녁,제주도민,70대 이상,679
202007,점심,내국인,19세 이하,8
202007,점심,내국인,20대,2207
202007,점심,내국인,30대,3159
202007,점심,내국인,40대,2331
202007,점심,내국인,50대,2060
202007,점심,내국인,60대,1045
202007,점심,내국인,70대 이상,271
202007,점심,제주도민,19세 이하,20
202007,점심,제주도민,20대,876
202007,점심,제주도민,30대,2146
202007,점심,제주도민,40대,3774
202007,점심,제주도민,50대,4124
202007,점심,제주도민,60대,2410
202007,점심,제주도민,70대 이상,1004
202008,밤,내국인,19세 이하,9
202008,밤,내국인,20대,992
202008,밤,내국인,30대,1094
202008,밤,내국인,40대,961
202008,밤,내국인,50대,724
202008,밤,내국인,60대,223
202008,밤,내국인,70대 이상,46
202008,밤,제주도민,19세 이하,25
202008,밤,제주도민,20대,1165
202008,밤,제주도민,30대,1464
202008,밤,제주도민,40대,2259
202008,밤,제주도민,50대,2058
202008,밤,제주도민,60대,662
202008,밤,제주도민,70대 이상,107
202008,오전,내국인,19세 이하,7
202008,오전,내국인,20대,962
202008,오전,내국인,30대,1684
202008,오전,내국인,40대,2181
202008,오전,내국인,50대,1664
202008,오전,내국인,60대,705
202008,오전,내국인,70대 이상,184
202008,오전,제주도민,19세 이하,12
202008,오전,제주도민,20대,423
202008,오전,제주도민,30대,1184
202008,오전,제주도민,40대,2216
202008,오전,제주도민,50대,2520
202008,오전,제주도민,60대,1544
202008,오전,제주도민,70대 이상,590
202008,오후,내국인,19세 이하,24
202008,오후,내국인,20대,2759
202008,오후,내국인,30대,4462
202008,오후,내국인,40대,4715
202008,오후,내국인,50대,3393
202008,오후,내국인,60대,1589
202008,오후,내국인,70대 이상,405
202008,오후,제주도민,19세 이하,72
202008,오후,제주도민,20대,1213
202008,오후,제주도민,30대,2904
202008,오후,제주도민,40대,5273
202008,오후,제주도민,50대,5222
202008,오후,제주도민,60대,2953
202008,오후,제주도민,70대 이상,1025
202008,저녁,내국인,19세 이하,25
202008,저녁,내국인,20대,3124
202008,저녁,내국인,30대,4403
202008,저녁,내국인,40대,4652
202008,저녁,내국인,50대,3315
202008,저녁,내국인,60대,1363
202008,저녁,내국인,70대 이상,326
202008,저녁,제주도민,19세 이하,75
202008,저녁,제주도민,20대,1897
202008,저녁,제주도민,30대,3638
202008,저녁,제주도민,40대,6250
202008,저녁,제주도민,50대,6278
202008,저녁,제주도민,60대,2824
202008,저녁,제주도민,70대 이상,728
202008,점심,내국인,19세 이하,18
202008,점심,내국인,20대,2257
202008,점심,내국인,30대,3497
202008,점심,내국인,40대,3626
202008,점심,내국인,50대,2649
202008,점심,내국인,60대,1266
202008,점심,내국인,70대 이상,351
202008,점심,제주도민,19세 이하,36
202008,점심,제주도민,20대,931
202008,점심,제주도민,30대,2294
202008,점심,제주도민,40대,4126
202008,점심,제주도민,50대,4366
202008,점심,제주도민,60대,2415
202008,점심,제주도민,70대 이상,960
202009,밤,내국인,19세 이하,5
202009,밤,내국인,20대,542
202009,밤,내국인,30대,672
202009,밤,내국인,40대,559
202009,밤,내국인,50대,437
202009,밤,내국인,60대,139
202009,밤,내국인,70대 이상,29
202009,밤,제주도민,19세 이하,23
202009,밤,제주도민,20대,965
202009,밤,제주도민,30대,1209
202009,밤,제주도민,40대,1912
202009,밤,제주도민,50대,1746
202009,밤,제주도민,60대,567
202009,밤,제주도민,70대 이상,84
202009,오전,내국인,19세 이하,3
202009,오전,내국인,20대,558
202009,오전,내국인,30대,1154
202009,오전,내국인,40대,979
202009,오전,내국인,50대,850
202009,오전,내국인,60대,459
202009,오전,내국인,70대 이상,100
202009,오전,제주도민,19세 이하,11
202009,오전,제주도민,20대,377
202009,오전,제주도민,30대,1066
202009,오전,제주도민,40대,2130
202009,오전,제주도민,50대,2434
202009,오전,제주도민,60대,1618
202009,오전,제주도민,70대 이상,682
202009,오후,내국인,19세 이하,14
202009,오후,내국인,20대,1829
202009,오후,내국인,30대,3396
202009,오후,내국인,40대,2391
202009,오후,내국인,50대,1914
202009,오후,내국인,60대,1075
202009,오후,내국인,70대 이상,272
202009,오후,제주도민,19세 이하,60
202009,오후,제주도민,20대,1100
202009,오후,제주도민,30대,2674
202009,오후,제주도민,40대,5069
202009,오후,제주도민,50대,5404
202009,오후,제주도민,60대,3323
202009,오후,제주도민,70대 이상,1225
202009,저녁,내국인,19세 이하,14
202009,저녁,내국인,20대,2053
202009,저녁,내국인,30대,3208
202009,저녁,내국인,40대,2294
202009,저녁,내국인,50대,1768
202009,저녁,내국인,60대,788
202009,저녁,내국인,70대 이상,172
202009,저녁,제주도민,19세 이하,72
202009,저녁,제주도민,20대,1707
202009,저녁,제주도민,30대,3142
202009,저녁,제주도민,40대,5458
202009,저녁,제주도민,50대,5538
202009,저녁,제주도민,60대,2396
202009,저녁,제주도민,70대 이상,558
202009,점심,내국인,19세 이하,7
202009,점심,내국인,20대,1411
202009,점심,내국인,30대,2633
202009,점심,내국인,40대,1819
202009,점심,내국인,50대,1370
202009,점심,내국인,60대,801
202009,점심,내국인,70대 이상,228
202009,점심,제주도민,19세 이하,29
202009,점심,제주도민,20대,842
202009,점심,제주도민,30대,2066
202009,점심,제주도민,40대,3862
202009,점심,제주도민,50대,4134
202009,점심,제주도민,60대,2669
202009,점심,제주도민,70대 이상,1118
202010,밤,내국인,19세 이하,5
202010,밤,내국인,20대,634
202010,밤,내국인,30대,820
202010,밤,내국인,40대,677
202010,밤,내국인,50대,599
202010,밤,내국인,60대,208
202010,밤,내국인,70대 이상,34
202010,밤,제주도민,19세 이하,26
202010,밤,제주도민,20대,1037
202010,밤,제주도민,30대,1320
202010,밤,제주도민,40대,2046
202010,밤,제주도민,50대,1750
202010,밤,제주도민,60대,551
202010,밤,제주도민,70대 이상,78
202010,오전,내국인,19세 이하,4
202010,오전,내국인,20대,733
202010,오전,내국인,30대,1644
202010,오전,내국인,40대,1489
202010,오전,내국인,50대,1466
202010,오전,내국인,60대,871
202010,오전,내국인,70대 이상,222
202010,오전,제주도민,19세 이하,15
202010,오전,제주도민,20대,410
202010,오전,제주도민,30대,1085
202010,오전,제주도민,40대,2034
202010,오전,제주도민,50대,2306
202010,오전,제주도민,60대,1410
202010,오전,제주도민,70대 이상,550
202010,오후,내국인,19세 이하,16
202010,오후,내국인,20대,2203
202010,오후,내국인,30대,4329
202010,오후,내국인,40대,3398
202010,오후,내국인,50대,3367
202010,오후,내국인,60대,2013
202010,오후,내국인,70대 이상,402
202010,오후,제주도민,19세 이하,77
202010,오후,제주도민,20대,1200
202010,오후,제주도민,30대,2817
202010,오후,제주도민,40대,5024
202010,오후,제주도민,50대,5066
202010,오후,제주도민,60대,2916
202010,오후,제주도민,70대 이상,1060
202010,저녁,내국인,19세 이하,19
202010,저녁,내국인,20대,2511
202010,저녁,내국인,30대,4209
202010,저녁,내국인,40대,3295
202010,저녁,내국인,50대,3094
202010,저녁,내국인,60대,1539
202010,저녁,내국인,70대 이상,293
202010,저녁,제주도민,19세 이하,86
202010,저녁,제주도민,20대,1813
202010,저녁,제주도민,30대,3320
202010,저녁,제주도민,40대,5563
202010,저녁,제주도민,50대,5433
202010,저녁,제주도민,60대,2384
202010,저녁,제주도민,70대 이상,507
202010,점심,내국인,19세 이하,10
202010,점심,내국인,20대,1734
202010,점심,내국인,30대,3386
202010,점심,내국인,40대,2524
202010,점심,내국인,50대,2395
202010,점심,내국인,60대,1460
202010,점심,내국인,70대 이상,370
202010,점심,제주도민,19세 이하,36
202010,점심,제주도민,20대,885
202010,점심,제주도민,30대,2134
202010,점심,제주도민,40대,3769
202010,점심,제주도민,50대,4017
202010,점심,제주도민,60대,2413
202010,점심,제주도민,70대 이상,980
202011,밤,내국인,19세 이하,7
202011,밤,내국인,20대,635
202011,밤,내국인,30대,757
202011,밤,내국인,40대,717
202011,밤,내국인,50대,654
202011,밤,내국인,60대,236
202011,밤,내국인,70대 이상,38
202011,밤,제주도민,19세 이하,24
202011,밤,제주도민,20대,958
202011,밤,제주도민,30대,1209
202011,밤,제주도민,40대,1911
202011,밤,제주도민,50대,1684
202011,밤,제주도민,60대,558
202011,밤,제주도민,70대 이상,90
202011,오전,내국인,19세 이하,6
202011,오전,내국인,20대,782
202011,오전,내국인,30대,1594
202011,오전,내국인,40대,1516
202011,오전,내국인,50대,1668
202011,오전,내국인,60대,1054
202011,오전,내국인,70대 이상,231
202011,오전,제주도민,19세 이하,15
202011,오전,제주도민,20대,364
202011,오전,제주도민,30대,984
202011,오전,제주도민,40대,1885
202011,오전,제주도민,50대,2255
202011,오전,제주도민,60대,1295
202011,오전,제주도민,70대 이상,514
202011,오후,내국인,19세 이하,20
202011,오후,내국인,20대,2200
202011,오후,내국인,30대,4303
202011,오후,내국인,40대,3317
202011,오후,내국인,50대,3654
202011,오후,내국인,60대,2129
202011,오후,내국인,70대 이상,454
202011,오후,제주도민,19세 이하,67
202011,오후,제주도민,20대,1044
202011,오후,제주도민,30대,2547
202011,오후,제주도민,40대,4704
202011,오후,제주도민,50대,4984
202011,오후,제주도민,60대,2967
202011,오후,제주도민,70대 이상,1079
202011,저녁,내국인,19세 이하,19
202011,저녁,내국인,20대,2528
202011,저녁,내국인,30대,4069
202011,저녁,내국인,40대,3137
202011,저녁,내국인,50대,3227
202011,저녁,내국인,60대,1606
202011,저녁,내국인,70대 이상,280
202011,저녁,제주도민,19세 이하,79
202011,저녁,제주도민,20대,1680
202011,저녁,제주도민,30대,3076
202011,저녁,제주도민,40대,5096
202011,저녁,제주도민,50대,5144
202011,저녁,제주도민,60대,2219
202011,저녁,제주도민,70대 이상,523
202011,점심,내국인,19세 이하,12
202011,점심,내국인,20대,1822
202011,점심,내국인,30대,3353
202011,점심,내국인,40대,2389
202011,점심,내국인,50대,2649
202011,점심,내국인,60대,1590
202011,점심,내국인,70대 이상,347
202011,점심,제주도민,19세 이하,31
202011,점심,제주도민,20대,807
202011,점심,제주도민,30대,1976
202011,점심,제주도민,40대,3524
202011,점심,제주도민,50대,3839
202011,점심,제주도민,60대,2304
202011,점심,제주도민,70대 이상,994
202012,밤,내국인,19세 이하,5
202012,밤,내국인,20대,328
202012,밤,내국인,30대,389
202012,밤,내국인,40대,329
202012,밤,내국인,50대,284
202012,밤,내국인,60대,102
202012,밤,내국인,70대 이상,20
202012,밤,제주도민,19세 이하,21
202012,밤,제주도민,20대,634
202012,밤,제주도민,30대,730
202012,밤,제주도민,40대,1157
202012,밤,제주도민,50대,1036
202012,밤,제주도민,60대,316
202012,밤,제주도민,70대 이상,50
202012,오전,내국인,19세 이하,5
202012,오전,내국인,20대,431
202012,오전,내국인,30대,855
202012,오전,내국인,40대,765
202012,오전,내국인,50대,820
202012,오전,내국인,60대,472
202012,오전,내국인,70대 이상,110
202012,오전,제주도민,19세 이하,12
202012,오전,제주도민,20대,309
202012,오전,제주도민,30대,845
202012,오전,제주도민,40대,1788
202012,오전,제주도민,50대,2126
202012,오전,제주도민,60대,1343
202012,오전,제주도민,70대 이상,588
202012,오후,내국인,19세 이하,22
202012,오후,내국인,20대,1555
202012,오후,내국인,30대,2906
202012,오후,내국인,40대,2186
202012,오후,내국인,50대,2137
202012,오후,내국인,60대,1208
202012,오후,내국인,70대 이상,282
202012,오후,제주도민,19세 이하,64
202012,오후,제주도민,20대,1088
202012,오후,제주도민,30대,2576
202012,오후,제주도민,40대,4865
202012,오후,제주도민,50대,5203
202012,오후,제주도민,60대,3049
202012,오후,제주도민,70대 이상,1171
202012,저녁,내국인,19세 이하,22
202012,저녁,내국인,20대,1601
202012,저녁,내국인,30대,2356
202012,저녁,내국인,40대,1811
202012,저녁,내국인,50대,1716
202012,저녁,내국인,60대,755
202012,저녁,내국인,70대 이상,167
202012,저녁,제주도민,19세 이하,61
202012,저녁,제주도민,20대,1572
202012,저녁,제주도민,30대,2628
202012,저녁,제주도민,40대,4470
202012,저녁,제주도민,50대,4319
202012,저녁,제주도민,60대,1793
202012,저녁,제주도민,70대 이상,356
202012,점심,내국인,19세 이하,12
202012,점심,내국인,20대,1150
202012,점심,내국인,30대,2100
202012,점심,내국인,40대,1462
202012,점심,내국인,50대,1479
202012,점심,내국인,60대,804
202012,점심,내국인,70대 이상,212
202012,점심,제주도민,19세 이하,35
202012,점심,제주도민,20대,781
202012,점심,제주도민,30대,1806
202012,점심,제주도민,40대,3416
202012,점심,제주도민,50대,3675
202012,점심,제주도민,60대,2295
202012,점심,제주도민,70대 이상,1015
202101,밤,내국인,19세 이하,2
202101,밤,내국인,20대,161
202101,밤,내국인,30대,187
202101,밤,내국인,40대,209
202101,밤,내국인,50대,178
202101,밤,내국인,60대,70
202101,밤,내국인,70대 이상,13
202101,밤,제주도민,19세 이하,7
202101,밤,제주도민,20대,317
202101,밤,제주도민,30대,385
202101,밤,제주도민,40대,520
202101,밤,제주도민,50대,459
202101,밤,제주도민,60대,156
202101,밤,제주도민,70대 이상,31
202101,오전,내국인,19세 이하,2
202101,오전,내국인,20대,228
202101,오전,내국인,30대,497
202101,오전,내국인,40대,620
202101,오전,내국인,50대,656
202101,오전,내국인,60대,387
202101,오전,내국인,70대 이상,93
202101,오전,제주도민,19세 이하,5
202101,오전,제주도민,20대,255
202101,오전,제주도민,30대,762
202101,오전,제주도민,40대,1574
202101,오전,제주도민,50대,1957
202101,오전,제주도민,60대,1268
202101,오전,제주도민,70대 이상,571
202101,오후,내국인,19세 이하,12
202101,오후,내국인,20대,1035
202101,오후,내국인,30대,1809
202101,오후,내국인,40대,2070
202101,오후,내국인,50대,2032
202101,오후,내국인,60대,1139
202101,오후,내국인,70대 이상,288
202101,오후,제주도민,19세 이하,38
202101,오후,제주도민,20대,962
202101,오후,제주도민,30대,2400
202101,오후,제주도민,40대,4817
202101,오후,제주도민,50대,5301
202101,오후,제주도민,60대,3219
202101,오후,제주도민,70대 이상,1337
202101,저녁,내국인,19세 이하,13
202101,저녁,내국인,20대,1147
202101,저녁,내국인,30대,1692
202101,저녁,내국인,40대,1744
202101,저녁,내국인,50대,1646
202101,저녁,내국인,60대,725
202101,저녁,내국인,70대 이상,147
202101,저녁,제주도민,19세 이하,35
202101,저녁,제주도민,20대,1477
202101,저녁,제주도민,30대,2600
202101,저녁,제주도민,40대,4402
202101,저녁,제주도민,50대,4520
202101,저녁,제주도민,60대,1828
202101,저녁,제주도민,70대 이상,404
202101,점심,내국인,19세 이하,7
202101,점심,내국인,20대,710
202101,점심,내국인,30대,1305
202101,점심,내국인,40대,1433
202101,점심,내국인,50대,1362
202101,점심,내국인,60대,764
202101,점심,내국인,70대 이상,220
202101,점심,제주도민,19세 이하,24
202101,점심,제주도민,20대,668
202101,점심,제주도민,30대,1691
202101,점심,제주도민,40대,3340
202101,점심,제주도민,50대,3802
202101,점심,제주도민,60대,2489
202101,점심,제주도민,70대 이상,1128
202102,밤,내국인,19세 이하,4
202102,밤,내국인,20대,372
202102,밤,내국인,30대,348
202102,밤,내국인,40대,336
202102,밤,내국인,50대,292
202102,밤,내국인,60대,105
202102,밤,내국인,70대 이상,20
202102,밤,제주도민,19세 이하,10
202102,밤,제주도민,20대,474
202102,밤,제주도민,30대,566
202102,밤,제주도민,40대,783
202102,밤,제주도민,50대,680
202102,밤,제주도민,60대,213
202102,밤,제주도민,70대 이상,47
202102,오전,내국인,19세 이하,4
202102,오전,내국인,20대,530
202102,오전,내국인,30대,798
202102,오전,내국인,40대,1037
202102,오전,내국인,50대,982
202102,오전,내국인,60대,541
202102,오전,내국인,70대 이상,143
202102,오전,제주도민,19세 이하,6
202102,오전,제주도민,20대,272
202102,오전,제주도민,30대,814
202102,오전,제주도민,40대,1682
202102,오전,제주도민,50대,2157
202102,오전,제주도민,60대,1434
202102,오전,제주도민,70대 이상,675
202102,오후,내국인,19세 이하,21
202102,오후,내국인,20대,1794
202102,오후,내국인,30대,2471
202102,오후,내국인,40대,2783
202102,오후,내국인,50대,2607
202102,오후,내국인,60대,1406
202102,오후,내국인,70대 이상,359
202102,오후,제주도민,19세 이하,43
202102,오후,제주도민,20대,957
202102,오후,제주도민,30대,2254
202102,오후,제주도민,40대,4419
202102,오후,제주도민,50대,4882
202102,오후,제주도민,60대,3087
202102,오후,제주도민,70대 이상,1265
202102,저녁,내국인,19세 이하,20
202102,저녁,내국인,20대,2065
202102,저녁,내국인,30대,2321
202102,저녁,내국인,40대,2443
202102,저녁,내국인,50대,2328
202102,저녁,내국인,60대,971
202102,저녁,내국인,70대 이상,203
202102,저녁,제주도민,19세 이하,44
202102,저녁,제주도민,20대,1428
202102,저녁,제주도민,30대,2495
202102,저녁,제주도민,40대,4373
202102,저녁,제주도민,50대,4592
202102,저녁,제주도민,60대,1940
202102,저녁,제주도민,70대 이상,449
202102,점심,내국인,19세 이하,12
202102,점심,내국인,20대,1364
202102,점심,내국인,30대,1817
202102,점심,내국인,40대,1975
202102,점심,내국인,50대,1840
202102,점심,내국인,60대,1014
202102,점심,내국인,70대 이상,268
202102,점심,제주도민,19세 이하,27
202102,점심,제주도민,20대,662
202102,점심,제주도민,30대,1683
202102,점심,제주도민,40대,3269
202102,점심,제주도민,50대,3888
202102,점심,제주도민,60대,2427
202102,점심,제주도민,70대 이상,1102
202103,밤,내국인,19세 이하,2
202103,밤,내국인,20대,564
202103,밤,내국인,30대,684
202103,밤,내국인,40대,556
202103,밤,내국인,50대,496
202103,밤,내국인,60대,187
202103,밤,내국인,70대 이상,37
202103,밤,제주도민,19세 이하,13
202103,밤,제주도민,20대,754
202103,밤,제주도민,30대,969
202103,밤,제주도민,40대,1506
202103,밤,제주도민,50대,1382
202103,밤,제주도민,60대,455
202103,밤,제주도민,70대 이상,78
202103,오전,내국인,19세 이하,2
202103,오전,내국인,20대,638
202103,오전,내국인,30대,1330
202103,오전,내국인,40대,1161
202103,오전,내국인,50대,1350
202103,오전,내국인,60대,825
202103,오전,내국인,70대 이상,211
202103,오전,제주도민,19세 이하,10
202103,오전,제주도민,20대,310
202103,오전,제주도민,30대,905
202103,오전,제주도민,40대,1942
202103,오전,제주도민,50대,2339
202103,오전,제주도민,60대,1554
202103,오전,제주도민,70대 이상,683
202103,오후,내국인,19세 이하,10
202103,오후,내국인,20대,2101
202103,오후,내국인,30대,3874
202103,오후,내국인,40대,2880
202103,오후,내국인,50대,3271
202103,오후,내국인,60대,1913
202103,오후,내국인,70대 이상,485
202103,오후,제주도민,19세 이하,54
202103,오후,제주도민,20대,954
202103,오후,제주도민,30대,2401
202103,오후,제주도민,40대,4651
202103,오후,제주도민,50대,4946
202103,오후,제주도민,60대,3153
202103,오후,제주도민,70대 이상,1252
202103,저녁,내국인,19세 이하,9
202103,저녁,내국인,20대,2354
202103,저녁,내국인,30대,3484
202103,저녁,내국인,40대,2578
202103,저녁,내국인,50대,2827
202103,저녁,내국인,60대,1424
202103,저녁,내국인,70대 이상,302
202103,저녁,제주도민,19세 이하,55
202103,저녁,제주도민,20대,1476
202103,저녁,제주도민,30대,2765
202103,저녁,제주도민,40대,4882
202103,저녁,제주도민,50대,5286
202103,저녁,제주도민,60대,2363
202103,저녁,제주도민,70대 이상,582
202103,점심,내국인,19세 이하,5
202103,점심,내국인,20대,1644
202103,점심,내국인,30대,2915
202103,점심,내국인,40대,2177
202103,점심,내국인,50대,2265
202103,점심,내국인,60대,1413
202103,점심,내국인,70대 이상,395
202103,점심,제주도민,19세 이하,20
202103,점심,제주도민,20대,731
202103,점심,제주도민,30대,1853
202103,점심,제주도민,40대,3526
202103,점심,제주도민,50대,3922
202103,점심,제주도민,60대,2517
202103,점심,제주도민,70대 이상,1132
202104,밤,내국인,19세 이하,3
202104,밤,내국인,20대,701
202104,밤,내국인,30대,851
202104,밤,내국인,40대,712
202104,밤,내국인,50대,681
202104,밤,내국인,60대,244
202104,밤,내국인,70대 이상,48
202104,밤,제주도민,19세 이하,14
202104,밤,제주도민,20대,818
202104,밤,제주도민,30대,1074
202104,밤,제주도민,40대,1783
202104,밤,제주도민,50대,1766
202104,밤,제주도민,60대,584
202104,밤,제주도민,70대 이상,105
202104,오전,내국인,19세 이하,3
202104,오전,내국인,20대,786
202104,오전,내국인,30대,1740
202104,오전,내국인,40대,1643
202104,오전,내국인,50대,1790
202104,오전,내국인,60대,1128
202104,오전,내국인,70대 이상,310
202104,오전,제주도민,19세 이하,11
202104,오전,제주도민,20대,314
202104,오전,제주도민,30대,944
202104,오전,제주도민,40대,1965
202104,오전,제주도민,50대,2295
202104,오전,제주도민,60대,1492
202104,오전,제주도민,70대 이상,680
202104,오후,내국인,19세 이하,10
202104,오후,내국인,20대,2243
202104,오후,내국인,30대,4722
202104,오후,내국인,40대,3531
202104,오후,내국인,50대,3873
202104,오후,내국인,60대,2428
202104,오후,내국인,70대 이상,587
202104,오후,제주도민,19세 이하,53
202104,오후,제주도민,20대,910
202104,오후,제주도민,30대,2322
202104,오후,제주도민,40대,4368
202104,오후,제주도민,50대,4878
202104,오후,제주도민,60대,3111
202104,오후,제주도민,70대 이상,1169
202104,저녁,내국인,19세 이하,10
202104,저녁,내국인,20대,2592
202104,저녁,내국인,30대,4435
202104,저녁,내국인,40대,3389
202104,저녁,내국인,50대,3609
202104,저녁,내국인,60대,1971
202104,저녁,내국인,70대 이상,398
202104,저녁,제주도민,19세 이하,56
202104,저녁,제주도민,20대,1472
202104,저녁,제주도민,30대,2769
202104,저녁,제주도민,40대,4876
202104,저녁,제주도민,50대,5295
202104,저녁,제주도민,60대,2515
202104,저녁,제주도민,70대 이상,599
202104,점심,내국인,19세 이하,6
202104,점심,내국인,20대,1800
202104,점심,내국인,30대,3702
202104,점심,내국인,40대,2672
202104,점심,내국인,50대,2931
202104,점심,내국인,60대,1882
202104,점심,내국인,70대 이상,500
202104,점심,제주도민,19세 이하,22
202104,점심,제주도민,20대,737
202104,점심,제주도민,30대,1840
202104,점심,제주도민,40대,3472
202104,점심,제주도민,50대,3967
202104,점심,제주도민,60대,2500
202104,점심,제주도민,70대 이상,1111
202105,밤,내국인,19세 이하,4
202105,밤,내국인,20대,718
202105,밤,내국인,30대,851
202105,밤,내국인,40대,701
202105,밤,내국인,50대,610
202105,밤,내국인,60대,236
202105,밤,내국인,70대 이상,44
202105,밤,제주도민,19세 이하,14
202105,밤,제주도민,20대,810
202105,밤,제주도민,30대,1032
202105,밤,제주도민,40대,1568
202105,밤,제주도민,50대,1459
202105,밤,제주도민,60대,521
202105,밤,제주도민,70대 이상,97
202105,오전,내국인,19세 이하,4
202105,오전,내국인,20대,824
202105,오전,내국인,30대,1763
202105,오전,내국인,40대,1874
202105,오전,내국인,50대,1758
202105,오전,내국인,60대,1004
202105,오전,내국인,70대 이상,253
202105,오전,제주도민,19세 이하,9
202105,오전,제주도민,20대,312
202105,오전,제주도민,30대,973
202105,오전,제주도민,40대,1956
202105,오전,제주도민,50대,2371
202105,오전,제주도민,60대,1570
202105,오전,제주도민,70대 이상,645
202105,오후,내국인,19세 이하,14
202105,오후,내국인,20대,2280
202105,오후,내국인,30대,4809
202105,오후,내국인,40대,4119
202105,오후,내국인,50대,3605
202105,오후,내국인,60대,2208
202105,오후,내국인,70대 이상,565
202105,오후,제주도민,19세 이하,55
202105,오후,제주도민,20대,1000
202105,오후,제주도민,30대,2491
202105,오후,제주도민,40대,4768
202105,오후,제주도민,50대,5026
202105,오후,제주도민,60대,3110
202105,오후,제주도민,70대 이상,1172
202105,저녁,내국인,19세 이하,14
202105,저녁,내국인,20대,2716
202105,저녁,내국인,30대,4531
202105,저녁,내국인,40대,3893
202105,저녁,내국인,50대,3549
202105,저녁,내국인,60대,1793
202105,저녁,내국인,70대 이상,406
202105,저녁,제주도민,19세 이하,56
202105,저녁,제주도민,20대,1496
202105,저녁,제주도민,30대,2823
202105,저녁,제주도민,40대,4914
202105,저녁,제주도민,50대,5321
202105,저녁,제주도민,60대,2525
202105,저녁,제주도민,70대 이상,603
202105,점심,내국인,19세 이하,8
202105,점심,내국인,20대,1847
202105,점심,내국인,30대,3709
202105,점심,내국인,40대,3105
202105,점심,내국인,50대,2882
202105,점심,내국인,60대,1714
202105,점심,내국인,70대 이상,458
202105,점심,제주도민,19세 이하,26
202105,점심,제주도민,20대,726
202105,점심,제주도민,30대,1901
202105,점심,제주도민,40대,3618
202105,점심,제주도민,50대,4098
202105,점심,제주도민,60대,2551
202105,점심,제주도민,70대 이상,1079
202106,밤,내국인,19세 이하,4
202106,밤,내국인,20대,613
202106,밤,내국인,30대,679
202106,밤,내국인,40대,583
202106,밤,내국인,50대,529
202106,밤,내국인,60대,194
202106,밤,내국인,70대 이상,43
202106,밤,제주도민,19세 이하,14
202106,밤,제주도민,20대,530
202106,밤,제주도민,30대,682
202106,밤,제주도민,40대,1093
202106,밤,제주도민,50대,1053
202106,밤,제주도민,60대,365
202106,밤,제주도민,70대 이상,77
202106,오전,내국인,19세 이하,4
202106,오전,내국인,20대,846
202106,오전,내국인,30대,1650
202106,오전,내국인,40대,1730
202106,오전,내국인,50대,1620
202106,오전,내국인,60대,914
202106,오전,내국인,70대 이상,247
202106,오전,제주도민,19세 이하,11
202106,오전,제주도민,20대,320
202106,오전,제주도민,30대,935
202106,오전,제주도민,40대,1928
202106,오전,제주도민,50대,2350
202106,오전,제주도민,60대,1517
202106,오전,제주도민,70대 이상,684
202106,오후,내국인,19세 이하,13
202106,오후,내국인,20대,2508
202106,오후,내국인,30대,4715
202106,오후,내국인,40대,3862
202106,오후,내국인,50대,3439
202106,오후,내국인,60대,1967
202106,오후,내국인,70대 이상,515
202106,오후,제주도민,19세 이하,53
202106,오후,제주도민,20대,944
202106,오후,제주도민,30대,2278
202106,오후,제주도민,40대,4367
202106,오후,제주도민,50대,4720
202106,오후,제주도민,60대,2870
202106,오후,제주도민,70대 이상,1072
202106,저녁,내국인,19세 이하,14
202106,저녁,내국인,20대,3168
202106,저녁,내국인,30대,4541
202106,저녁,내국인,40대,3783
202106,저녁,내국인,50대,3439
202106,저녁,내국인,60대,1645
202106,저녁,내국인,70대 이상,365
202106,저녁,제주도민,19세 이하,59
202106,저녁,제주도민,20대,1604
202106,저녁,제주도민,30대,2847
202106,저녁,제주도민,40대,4997
202106,저녁,제주도민,50대,5343
202106,저녁,제주도민,60대,2406
202106,저녁,제주도민,70대 이상,643
202106,점심,내국인,19세 이하,8
202106,점심,내국인,20대,2042
202106,점심,내국인,30대,3676
202106,점심,내국인,40대,2922
202106,점심,내국인,50대,2691
202106,점심,내국인,60대,1483
202106,점심,내국인,70대 이상,391
202106,점심,제주도민,19세 이하,20
202106,점심,제주도민,20대,730
202106,점심,제주도민,30대,1813
202106,점심,제주도민,40대,3463
202106,점심,제주도민,50대,3908
202106,점심,제주도민,60대,2399
202106,점심,제주도민,70대 이상,1045
202107,밤,내국인,19세 이하,7
202107,밤,내국인,20대,778
202107,밤,내국인,30대,653
202107,밤,내국인,40대,655
202107,밤,내국인,50대,534
202107,밤,내국인,60대,185
202107,밤,내국인,70대 이상,38
202107,밤,제주도민,19세 이하,15
202107,밤,제주도민,20대,699
202107,밤,제주도민,30대,887
202107,밤,제주도민,40대,1330
202107,밤,제주도민,50대,1227
202107,밤,제주도민,60대,444
202107,밤,제주도민,70대 이상,98
202107,오전,내국인,19세 이하,8
202107,오전,내국인,20대,858
202107,오전,내국인,30대,1276
202107,오전,내국인,40대,1856
202107,오전,내국인,50대,1445
202107,오전,내국인,60대,665
202107,오전,내국인,70대 이상,205
202107,오전,제주도민,19세 이하,11
202107,오전,제주도민,20대,306
202107,오전,제주도민,30대,943
202107,오전,제주도민,40대,1953
202107,오전,제주도민,50대,2328
202107,오전,제주도민,60대,1575
202107,오전,제주도민,70대 이상,653
202107,오후,내국인,19세 이하,23
202107,오후,내국인,20대,2615
202107,오후,내국인,30대,3706
202107,오후,내국인,40대,4381
202107,오후,내국인,50대,3097
202107,오후,내국인,60대,1480
202107,오후,내국인,70대 이상,437
202107,오후,제주도민,19세 이하,59
202107,오후,제주도민,20대,970
202107,오후,제주도민,30대,2351
202107,오후,제주도민,40대,4532
202107,오후,제주도민,50대,4911
202107,오후,제주도민,60대,3016
202107,오후,제주도민,70대 이상,1117
202107,저녁,내국인,19세 이하,27
202107,저녁,내국인,20대,3238
202107,저녁,내국인,30대,3624
202107,저녁,내국인,40대,4186
202107,저녁,내국인,50대,3056
202107,저녁,내국인,60대,1271
202107,저녁,내국인,70대 이상,338
202107,저녁,제주도민,19세 이하,55
202107,저녁,제주도민,20대,1607
202107,저녁,제주도민,30대,2906
202107,저녁,제주도민,40대,5043
202107,저녁,제주도민,50대,5446
202107,저녁,제주도민,60대,2490
202107,저녁,제주도민,70대 이상,645
202107,점심,내국인,19세 이하,19
202107,점심,내국인,20대,2150
202107,점심,내국인,30대,2843
202107,점심,내국인,40대,3245
202107,점심,내국인,50대,2430
202107,점심,내국인,60대,1206
202107,점심,내국인,70대 이상,365
202107,점심,제주도민,19세 이하,30
202107,점심,제주도민,20대,750
202107,점심,제주도민,30대,1832
202107,점심,제주도민,40대,3551
202107,점심,제주도민,50대,4124
202107,점심,제주도민,60대,2535
202107,점심,제주도민,70대 이상,1058
202108,밤,내국인,19세 이하,5
202108,밤,내국인,20대,439
202108,밤,내국인,30대,438
202108,밤,내국인,40대,445
202108,밤,내국인,50대,333
202108,밤,내국인,60대,125
202108,밤,내국인,70대 이상,30
202108,밤,제주도민,19세 이하,13
202108,밤,제주도민,20대,420
202108,밤,제주도민,30대,510
202108,밤,제주도민,40대,692
202108,밤,제주도민,50대,669
202108,밤,제주도민,60대,241
202108,밤,제주도민,70대 이상,55
202108,오전,내국인,19세 이하,7
202108,오전,내국인,20대,817
202108,오전,내국인,30대,1417
202108,오전,내국인,40대,1900
202108,오전,내국인,50대,1363
202108,오전,내국인,60대,616
202108,오전,내국인,70대 이상,179
202108,오전,제주도민,19세 이하,11
202108,오전,제주도민,20대,341
202108,오전,제주도민,30대,953
202108,오전,제주도민,40대,1945
202108,오전,제주도민,50대,2323
202108,오전,제주도민,60대,1563
202108,오전,제주도민,70대 이상,659
202108,오후,내국인,19세 이하,20
202108,오후,내국인,20대,2588
202108,오후,내국인,30대,4018
202108,오후,내국인,40대,4710
202108,오후,내국인,50대,3073
202108,오후,내국인,60대,1437
202108,오후,내국인,70대 이상,413
202108,오후,제주도민,19세 이하,52
202108,오후,제주도민,20대,1069
202108,오후,제주도민,30대,2388
202108,오후,제주도민,40대,4483
202108,오후,제주도민,50대,4994
202108,오후,제주도민,60대,2912
202108,오후,제주도민,70대 이상,1083
202108,저녁,내국인,19세 이하,22
202108,저녁,내국인,20대,3130
202108,저녁,내국인,30대,3997
202108,저녁,내국인,40대,4203
202108,저녁,내국인,50대,2687
202108,저녁,내국인,60대,1053
202108,저녁,내국인,70대 이상,247
202108,저녁,제주도민,19세 이하,50
202108,저녁,제주도민,20대,1583
202108,저녁,제주도민,30대,2697
202108,저녁,제주도민,40대,4474
202108,저녁,제주도민,50대,4753
202108,저녁,제주도민,60대,2105
202108,저녁,제주도민,70대 이상,539
202108,점심,내국인,19세 이하,14
202108,점심,내국인,20대,2008
202108,점심,내국인,30대,3143
202108,점심,내국인,40대,3609
202108,점심,내국인,50대,2339
202108,점심,내국인,60대,1134
202108,점심,내국인,70대 이상,339
202108,점심,제주도민,19세 이하,27
202108,점심,제주도민,20대,784
202108,점심,제주도민,30대,1863
202108,점심,제주도민,40대,3528
202108,점심,제주도민,50대,3943
202108,점심,제주도민,60대,2414
202108,점심,제주도민,70대 이상,1011
202109,밤,내국인,19세 이하,3
202109,밤,내국인,20대,331
202109,밤,내국인,30대,385
202109,밤,내국인,40대,365
202109,밤,내국인,50대,292
202109,밤,내국인,60대,134
202109,밤,내국인,70대 이상,20
202109,밤,제주도민,19세 이하,10
202109,밤,제주도민,20대,402
202109,밤,제주도민,30대,471
202109,밤,제주도민,40대,642
202109,밤,제주도민,50대,603
202109,밤,제주도민,60대,217
202109,밤,제주도민,70대 이상,58
202109,오전,내국인,19세 이하,4
202109,오전,내국인,20대,661
202109,오전,내국인,30대,1384
202109,오전,내국인,40대,1480
202109,오전,내국인,50대,1135
202109,오전,내국인,60대,726
202109,오전,내국인,70대 이상,209
202109,오전,제주도민,19세 이하,10
202109,오전,제주도민,20대,361
202109,오전,제주도민,30대,983
202109,오전,제주도민,40대,2051
202109,오전,제주도민,50대,2569
202109,오전,제주도민,60대,1839
202109,오전,제주도민,70대 이상,967
202109,오후,내국인,19세 이하,17
202109,오후,내국인,20대,2086
202109,오후,내국인,30대,4001
202109,오후,내국인,40대,3259
202109,오후,내국인,50대,2574
202109,오후,내국인,60대,1590
202109,오후,내국인,70대 이상,428
202109,오후,제주도민,19세 이하,59
202109,오후,제주도민,20대,1188
202109,오후,제주도민,30대,2562
202109,오후,제주도민,40대,4804
202109,오후,제주도민,50대,5402
202109,오후,제주도민,60대,3509
202109,오후,제주도민,70대 이상,1577
202109,저녁,내국인,19세 이하,15
202109,저녁,내국인,20대,2437
202109,저녁,내국인,30대,3763
202109,저녁,내국인,40대,2880
202109,저녁,내국인,50대,2229
202109,저녁,내국인,60대,1154
202109,저녁,내국인,70대 이상,267
202109,저녁,제주도민,19세 이하,58
202109,저녁,제주도민,20대,1692
202109,저녁,제주도민,30대,2738
202109,저녁,제주도민,40대,4432
202109,저녁,제주도민,50대,4690
202109,저녁,제주도민,60대,2275
202109,저녁,제주도민,70대 이상,653
202109,점심,내국인,19세 이하,8
202109,점심,내국인,20대,1679
202109,점심,내국인,30대,3114
202109,점심,내국인,40대,2444
202109,점심,내국인,50대,1933
202109,점심,내국인,60대,1239
202109,점심,내국인,70대 이상,339
202109,점심,제주도민,19세 이하,27
202109,점심,제주도민,20대,863
202109,점심,제주도민,30대,1930
202109,점심,제주도민,40대,3663
202109,점심,제주도민,50대,4299
202109,점심,제주도민,60대,2815
202109,점심,제주도민,70대 이상,1491
202110,밤,내국인,19세 이하,6
202110,밤,내국인,20대,516
202110,밤,내국인,30대,612
202110,밤,내국인,40대,575
202110,밤,내국인,50대,494
202110,밤,내국인,60대,225
202110,밤,내국인,70대 이상,34
202110,밤,제주도민,19세 이하,16
202110,밤,제주도민,20대,533
202110,밤,제주도민,30대,709
202110,밤,제주도민,40대,1017
202110,밤,제주도민,50대,961
202110,밤,제주도민,60대,325
202110,밤,제주도민,70대 이상,74
202110,오전,내국인,19세 이하,6
202110,오전,내국인,20대,837
202110,오전,내국인,30대,1849
202110,오전,내국인,40대,1859
202110,오전,내국인,50대,1913
202110,오전,내국인,60대,1209
202110,오전,내국인,70대 이상,335
202110,오전,제주도민,19세 이하,16
202110,오전,제주도민,20대,344
202110,오전,제주도민,30대,995
202110,오전,제주도민,40대,2045
202110,오전,제주도민,50대,2427
202110,오전,제주도민,60대,1720
202110,오전,제주도민,70대 이상,782
202110,오후,내국인,19세 이하,24
202110,오후,내국인,20대,2477
202110,오후,내국인,30대,5045
202110,오후,내국인,40대,4088
202110,오후,내국인,50대,4003
202110,오후,내국인,60대,2465
202110,오후,내국인,70대 이상,632
202110,오후,제주도민,19세 이하,70
202110,오후,제주도민,20대,1022
202110,오후,제주도민,30대,2466
202110,오후,제주도민,40대,4601
202110,오후,제주도민,50대,5073
202110,오후,제주도민,60대,3162
202110,오후,제주도민,70대 이상,1338
202110,저녁,내국인,19세 이하,22
202110,저녁,내국인,20대,3011
202110,저녁,내국인,30대,4895
202110,저녁,내국인,40대,4065
202110,저녁,내국인,50대,3775
202110,저녁,내국인,60대,1988
202110,저녁,내국인,70대 이상,411
202110,저녁,제주도민,19세 이하,68
202110,저녁,제주도민,20대,1618
202110,저녁,제주도민,30대,2920
202110,저녁,제주도민,40대,4932
202110,저녁,제주도민,50대,5265
202110,저녁,제주도민,60대,2451
202110,저녁,제주도민,70대 이상,650
202110,점심,내국인,19세 이하,11
202110,점심,내국인,20대,2024
202110,점심,내국인,30대,3817
202110,점심,내국인,40대,3149
202110,점심,내국인,50대,2938
202110,점심,내국인,60대,1954
202110,점심,내국인,70대 이상,545
202110,점심,제주도민,19세 이하,29
202110,점심,제주도민,20대,776
202110,점심,제주도민,30대,1868
202110,점심,제주도민,40대,3625
202110,점심,제주도민,50대,3967
202110,점심,제주도민,60대,2628
202110,점심,제주도민,70대 이상,1270
202111,밤,내국인,19세 이하,8
202111,밤,내국인,20대,686
202111,밤,내국인,30대,741
202111,밤,내국인,40대,700
202111,밤,내국인,50대,716
202111,밤,내국인,60대,295
202111,밤,내국인,70대 이상,53
202111,밤,제주도민,19세 이하,17
202111,밤,제주도민,20대,786
202111,밤,제주도민,30대,1017
202111,밤,제주도민,40대,1479
202111,밤,제주도민,50대,1494
202111,밤,제주도민,60대,473
202111,밤,제주도민,70대 이상,87
202111,오전,내국인,19세 이하,8
202111,오전,내국인,20대,833
202111,오전,내국인,30대,1731
202111,오전,내국인,40대,1894
202111,오전,내국인,50대,2143
202111,오전,내국인,60대,1491
202111,오전,내국인,70대 이상,428
202111,오전,제주도민,19세 이하,14
202111,오전,제주도민,20대,333
202111,오전,제주도민,30대,954
202111,오전,제주도민,40대,2042
202111,오전,제주도민,50대,2524
202111,오전,제주도민,60대,1721
202111,오전,제주도민,70대 이상,780
202111,오후,내국인,19세 이하,28
202111,오후,내국인,20대,2375
202111,오후,내국인,30대,4647
202111,오후,내국인,40대,4107
202111,오후,내국인,50대,4349
202111,오후,내국인,60대,2782
202111,오후,내국인,70대 이상,676
202111,오후,제주도민,19세 이하,66
202111,오후,제주도민,20대,961
202111,오후,제주도민,30대,2432
202111,오후,제주도민,40대,4447
202111,오후,제주도민,50대,5054
202111,오후,제주도민,60대,3329
202111,오후,제주도민,70대 이상,1419
202111,저녁,내국인,19세 이하,23
202111,저녁,내국인,20대,2741
202111,저녁,내국인,30대,4194
202111,저녁,내국인,40대,3771
202111,저녁,내국인,50대,3968
202111,저녁,내국인,60대,2151
202111,저녁,내국인,70대 이상,446
202111,저녁,제주도민,19세 이하,67
202111,저녁,제주도민,20대,1483
202111,저녁,제주도민,30대,2697
202111,저녁,제주도민,40대,4645
202111,저녁,제주도민,50대,5047
202111,저녁,제주도민,60대,2209
202111,저녁,제주도민,70대 이상,541
202111,점심,내국인,19세 이하,17
202111,점심,내국인,20대,1944
202111,점심,내국인,30대,3581
202111,점심,내국인,40대,3089
202111,점심,내국인,50대,3273
202111,점심,내국인,60대,2060
202111,점심,내국인,70대 이상,550
202111,점심,제주도민,19세 이하,37
202111,점심,제주도민,20대,725
202111,점심,제주도민,30대,1802
202111,점심,제주도민,40대,3480
202111,점심,제주도민,50대,3986
202111,점심,제주도민,60대,2579
202111,점심,제주도민,70대 이상,1348
202112,밤,내국인,19세 이하,12
202112,밤,내국인,20대,502
202112,밤,내국인,30대,527
202112,밤,내국인,40대,518
202112,밤,내국인,50대,485
202112,밤,내국인,60대,190
202112,밤,내국인,70대 이상,34
202112,밤,제주도민,19세 이하,19
202112,밤,제주도민,20대,621
202112,밤,제주도민,30대,777
202112,밤,제주도민,40대,1129
202112,밤,제주도민,50대,1047
202112,밤,제주도민,60대,360
202112,밤,제주도민,70대 이상,76
202112,오전,내국인,19세 이하,11
202112,오전,내국인,20대,746
202112,오전,내국인,30대,1295
202112,오전,내국인,40대,1484
202112,오전,내국인,50대,1769
202112,오전,내국인,60대,983
202112,오전,내국인,70대 이상,291
202112,오전,제주도민,19세 이하,14
202112,오전,제주도민,20대,327
202112,오전,제주도민,30대,965
202112,오전,제주도민,40대,1948
202112,오전,제주도민,50대,2402
202112,오전,제주도민,60대,1714
202112,오전,제주도민,70대 이상,797
202112,오후,내국인,19세 이하,45
202112,오후,내국인,20대,2333
202112,오후,내국인,30대,3865
202112,오후,내국인,40대,3713
202112,오후,내국인,50대,3796
202112,오후,내국인,60대,2104
202112,오후,내국인,70대 이상,493
202112,오후,제주도민,19세 이하,78
202112,오후,제주도민,20대,1025
202112,오후,제주도민,30대,2451
202112,오후,제주도민,40대,4644
202112,오후,제주도민,50대,5307
202112,오후,제주도민,60대,3421
202112,오후,제주도민,70대 이상,1557
202112,저녁,내국인,19세 이하,52
202112,저녁,내국인,20대,2646
202112,저녁,내국인,30대,3494
202112,저녁,내국인,40대,3238
202112,저녁,내국인,50대,3333
202112,저녁,내국인,60대,1478
202112,저녁,내국인,70대 이상,296
202112,저녁,제주도민,19세 이하,74
202112,저녁,제주도민,20대,1588
202112,저녁,제주도민,30대,2744
202112,저녁,제주도민,40대,4634
202112,저녁,제주도민,50대,4989
202112,저녁,제주도민,60대,2073
202112,저녁,제주도민,70대 이상,511
202112,점심,내국인,19세 이하,31
202112,점심,내국인,20대,1850
202112,점심,내국인,30대,3059
202112,점심,내국인,40대,2703
202112,점심,내국인,50대,2741
202112,점심,내국인,60대,1563
202112,점심,내국인,70대 이상,437
202112,점심,제주도민,19세 이하,40
202112,점심,제주도민,20대,755
202112,점심,제주도민,30대,1825
202112,점심,제주도민,40대,3490
202112,점심,제주도민,50대,4022
202112,점심,제주도민,60대,2699
202112,점심,제주도민,70대 이상,1394
202201,밤,내국인,19세 이하,5
202201,밤,내국인,20대,339
202201,밤,내국인,30대,305
202201,밤,내국인,40대,370
202201,밤,내국인,50대,353
202201,밤,내국인,60대,143
202201,밤,내국인,70대 이상,32
202201,밤,제주도민,19세 이하,8
202201,밤,제주도민,20대,276
202201,밤,제주도민,30대,395
202201,밤,제주도민,40대,563
202201,밤,제주도민,50대,598
202201,밤,제주도민,60대,230
202201,밤,제주도민,70대 이상,55
202201,오전,내국인,19세 이하,7
202201,오전,내국인,20대,707
202201,오전,내국인,30대,1049
202201,오전,내국인,40대,1759
202201,오전,내국인,50대,1922
202201,오전,내국인,60대,989
202201,오전,내국인,70대 이상,254
202201,오전,제주도민,19세 이하,8
202201,오전,제주도민,20대,272
202201,오전,제주도민,30대,880
202201,오전,제주도민,40대,1836
202201,오전,제주도민,50대,2421
202201,오전,제주도민,60대,1894
202201,오전,제주도민,70대 이상,893
202201,오후,내국인,19세 이하,27
202201,오후,내국인,20대,2262
202201,오후,내국인,30대,3197
202201,오후,내국인,40대,4426
202201,오후,내국인,50대,4521
202201,오후,내국인,60대,2170
202201,오후,내국인,70대 이상,597
202201,오후,제주도민,19세 이하,46
202201,오후,제주도민,20대,874
202201,오후,제주도민,30대,2296
202201,오후,제주도민,40대,4574
202201,오후,제주도민,50대,5631
202201,오후,제주도민,60대,3915
202201,오후,제주도민,70대 이상,1745
202201,저녁,내국인,19세 이하,26
202201,저녁,내국인,20대,2695
202201,저녁,내국인,30대,3068
202201,저녁,내국인,40대,3935
202201,저녁,내국인,50대,4096
202201,저녁,내국인,60대,1651
202201,저녁,내국인,70대 이상,353
202201,저녁,제주도민,19세 이하,40
202201,저녁,제주도민,20대,1420
202201,저녁,제주도민,30대,2571
202201,저녁,제주도민,40대,4549
202201,저녁,제주도민,50대,5302
202201,저녁,제주도민,60대,2502
202201,저녁,제주도민,70대 이상,621
202201,점심,내국인,19세 이하,19
202201,점심,내국인,20대,1795
202201,점심,내국인,30대,2500
202201,점심,내국인,40대,3204
202201,점심,내국인,50대,3258
202201,점심,내국인,60대,1580
202201,점심,내국인,70대 이상,422
202201,점심,제주도민,19세 이하,28
202201,점심,제주도민,20대,617
202201,점심,제주도민,30대,1691
202201,점심,제주도민,40대,3526
202201,점심,제주도민,50대,4357
202201,점심,제주도민,60대,3086
202201,점심,제주도민,70대 이상,1561
202202,밤,내국인,19세 이하,3
202202,밤,내국인,20대,289
202202,밤,내국인,30대,279
202202,밤,내국인,40대,318
202202,밤,내국인,50대,311
202202,밤,내국인,60대,120
202202,밤,내국인,70대 이상,24
202202,밤,제주도민,19세 이하,8
202202,밤,제주도민,20대,250
202202,밤,제주도민,30대,355
202202,밤,제주도민,40대,516
202202,밤,제주도민,50대,526
202202,밤,제주도민,60대,206
202202,밤,제주도민,70대 이상,45
202202,오전,내국인,19세 이하,8
202202,오전,내국인,20대,675
202202,오전,내국인,30대,988
202202,오전,내국인,40대,1580
202202,오전,내국인,50대,1709
202202,오전,내국인,60대,862
202202,오전,내국인,70대 이상,223
202202,오전,제주도민,19세 이하,6
202202,오전,제주도민,20대,232
202202,오전,제주도민,30대,731
202202,오전,제주도민,40대,1550
202202,오전,제주도민,50대,2001
202202,오전,제주도민,60대,1456
202202,오전,제주도민,70대 이상,705
202202,오후,내국인,19세 이하,32
202202,오후,내국인,20대,2154
202202,오후,내국인,30대,2877
202202,오후,내국인,40대,3911
202202,오후,내국인,50대,3888
202202,오후,내국인,60대,1840
202202,오후,내국인,70대 이상,506
202202,오후,제주도민,19세 이하,47
202202,오후,제주도민,20대,772
202202,오후,제주도민,30대,1953
202202,오후,제주도민,40대,3845
202202,오후,제주도민,50대,4459
202202,오후,제주도민,60대,2995
202202,오후,제주도민,70대 이상,1330
202202,저녁,내국인,19세 이하,27
202202,저녁,내국인,20대,2574
202202,저녁,내국인,30대,2789
202202,저녁,내국인,40대,3504
202202,저녁,내국인,50대,3520
202202,저녁,내국인,60대,1450
202202,저녁,내국인,70대 이상,287
202202,저녁,제주도민,19세 이하,44
202202,저녁,제주도민,20대,1243
202202,저녁,제주도민,30대,2181
202202,저녁,제주도민,40대,3775
202202,저녁,제주도민,50대,4223
202202,저녁,제주도민,60대,1944
202202,저녁,제주도민,70대 이상,506
202202,점심,내국인,19세 이하,19
202202,점심,내국인,20대,1711
202202,점심,내국인,30대,2241
202202,점심,내국인,40대,2840
202202,점심,내국인,50대,2797
202202,점심,내국인,60대,1364
202202,점심,내국인,70대 이상,404
202202,점심,제주도민,19세 이하,27
202202,점심,제주도민,20대,546
202202,점심,제주도민,30대,1423
202202,점심,제주도민,40대,2857
202202,점심,제주도민,50대,3445
202202,점심,제주도민,60대,2346
202202,점심,제주도민,70대 이상,1136
202203,밤,내국인,19세 이하,2
202203,밤,내국인,20대,348
202203,밤,내국인,30대,468
202203,밤,내국인,40대,415
202203,밤,내국인,50대,391
202203,밤,내국인,60대,172
202203,밤,내국인,70대 이상,31
202203,밤,제주도민,19세 이하,10
202203,밤,제주도민,20대,452
202203,밤,제주도민,30대,650
202203,밤,제주도민,40대,1014
202203,밤,제주도민,50대,1099
202203,밤,제주도민,60대,401
202203,밤,제주도민,70대 이상,77
202203,오전,내국인,19세 이하,2
202203,오전,내국인,20대,567
202203,오전,내국인,30대,1248
202203,오전,내국인,40대,1186
202203,오전,내국인,50대,1617
202203,오전,내국인,60대,1097
202203,오전,내국인,70대 이상,301
202203,오전,제주도민,19세 이하,10
202203,오전,제주도민,20대,267
202203,오전,제주도민,30대,918
202203,오전,제주도민,40대,1940
202203,오전,제주도민,50대,2540
202203,오전,제주도민,60대,1842
202203,오전,제주도민,70대 이상,855
202203,오후,내국인,19세 이하,12
202203,오후,내국인,20대,1768
202203,오후,내국인,30대,3680
202203,오후,내국인,40대,2887
202203,오후,내국인,50대,3566
202203,오후,내국인,60대,2181
202203,오후,내국인,70대 이상,555
202203,오후,제주도민,19세 이하,59
202203,오후,제주도민,20대,868
202203,오후,제주도민,30대,2248
202203,오후,제주도민,40대,4511
202203,오후,제주도민,50대,5245
202203,오후,제주도민,60대,3558
202203,오후,제주도민,70대 이상,1507
202203,저녁,내국인,19세 이하,10
202203,저녁,내국인,20대,2007
202203,저녁,내국인,30대,3308
202203,저녁,내국인,40대,2544
202203,저녁,내국인,50대,3230
202203,저녁,내국인,60대,1683
202203,저녁,내국인,70대 이상,344
202203,저녁,제주도민,19세 이하,55
202203,저녁,제주도민,20대,1292
202203,저녁,제주도민,30대,2526
202203,저녁,제주도민,40대,4369
202203,저녁,제주도민,50대,4997
202203,저녁,제주도민,60대,2374
202203,저녁,제주도민,70대 이상,648
202203,점심,내국인,19세 이하,5
202203,점심,내국인,20대,1459
202203,점심,내국인,30대,2978
202203,점심,내국인,40대,2213
202203,점심,내국인,50대,2677
202203,점심,내국인,60대,1723
202203,점심,내국인,70대 이상,456
202203,점심,제주도민,19세 이하,23
202203,점심,제주도민,20대,650
202203,점심,제주도민,30대,1737
202203,점심,제주도민,40대,3393
202203,점심,제주도민,50대,4101
202203,점심,제주도민,60대,2781
202203,점심,제주도민,70대 이상,1300
202204,밤,내국인,19세 이하,5
202204,밤,내국인,20대,494
202204,밤,내국인,30대,685
202204,밤,내국인,40대,676
202204,밤,내국인,50대,655
202204,밤,내국인,60대,290
202204,밤,내국인,70대 이상,66
202204,밤,제주도민,19세 이하,14
202204,밤,제주도민,20대,623
202204,밤,제주도민,30대,941
202204,밤,제주도민,40대,1578
202204,밤,제주도민,50대,1644
202204,밤,제주도민,60대,651
202204,밤,제주도민,70대 이상,122
202204,오전,내국인,19세 이하,3
202204,오전,내국인,20대,674
202204,오전,내국인,30대,1686
202204,오전,내국인,40대,1908
202204,오전,내국인,50대,2407
202204,오전,내국인,60대,1744
202204,오전,내국인,70대 이상,507
202204,오전,제주도민,19세 이하,15
202204,오전,제주도민,20대,310
202204,오전,제주도민,30대,989
202204,오전,제주도민,40대,2167
202204,오전,제주도민,50대,2681
202204,오전,제주도민,60대,1903
202204,오전,제주도민,70대 이상,853
202204,오후,내국인,19세 이하,12
202204,오후,내국인,20대,1941
202204,오후,내국인,30대,4485
202204,오후,내국인,40대,3967
202204,오후,내국인,50대,4539
202204,오후,내국인,60대,3135
202204,오후,내국인,70대 이상,760
202204,오후,제주도민,19세 이하,62
202204,오후,제주도민,20대,855
202204,오후,제주도민,30대,2480
202204,오후,제주도민,40대,4628
202204,오후,제주도민,50대,5331
202204,오후,제주도민,60대,3618
202204,오후,제주도민,70대 이상,1483
202204,저녁,내국인,19세 이하,16
202204,저녁,내국인,20대,2301
202204,저녁,내국인,30대,4287
202204,저녁,내국인,40대,3783
202204,저녁,내국인,50대,4428
202204,저녁,내국인,60대,2687
202204,저녁,내국인,70대 이상,550
202204,저녁,제주도민,19세 이하,64
202204,저녁,제주도민,20대,1340
202204,저녁,제주도민,30대,2847
202204,저녁,제주도민,40대,5018
202204,저녁,제주도민,50대,5709
202204,저녁,제주도민,60대,2922
202204,저녁,제주도민,70대 이상,760
202204,점심,내국인,19세 이하,6
202204,점심,내국인,20대,1606
202204,점심,내국인,30대,3579
202204,점심,내국인,40대,3091
202204,점심,내국인,50대,3500
202204,점심,내국인,60대,2465
202204,점심,내국인,70대 이상,665
202204,점심,제주도민,19세 이하,24
202204,점심,제주도민,20대,660
202204,점심,제주도민,30대,1898
202204,점심,제주도민,40대,3711
202204,점심,제주도민,50대,4306
202204,점심,제주도민,60대,2864
202204,점심,제주도민,70대 이상,1309
202205,밤,내국인,19세 이하,4
202205,밤,내국인,20대,609
202205,밤,내국인,30대,804
202205,밤,내국인,40대,881
202205,밤,내국인,50대,854
202205,밤,내국인,60대,341
202205,밤,내국인,70대 이상,79
202205,밤,제주도민,19세 이하,20
202205,밤,제주도민,20대,797
202205,밤,제주도민,30대,1165
202205,밤,제주도민,40대,1893
202205,밤,제주도민,50대,2052
202205,밤,제주도민,60대,795
202205,밤,제주도민,70대 이상,155
202205,오전,내국인,19세 이하,9
202205,오전,내국인,20대,686
202205,오전,내국인,30대,1800
202205,오전,내국인,40대,2327
202205,오전,내국인,50대,2410
202205,오전,내국인,60대,1783
202205,오전,내국인,70대 이상,518
202205,오전,제주도민,19세 이하,15
202205,오전,제주도민,20대,323
202205,오전,제주도민,30대,1130
202205,오전,제주도민,40대,2384
202205,오전,제주도민,50대,2939
202205,오전,제주도민,60대,2086
202205,오전,제주도민,70대 이상,907
202205,오후,내국인,19세 이하,30
202205,오후,내국인,20대,1915
202205,오후,내국인,30대,4453
202205,오후,내국인,40대,4932
202205,오후,내국인,50대,4648
202205,오후,내국인,60대,3002
202205,오후,내국인,70대 이상,855
202205,오후,제주도민,19세 이하,73
202205,오후,제주도민,20대,886
202205,오후,제주도민,30대,2605
202205,오후,제주도민,40대,5021
202205,오후,제주도민,50대,5547
202205,오후,제주도민,60대,3754
202205,오후,제주도민,70대 이상,1474
202205,저녁,내국인,19세 이하,22
202205,저녁,내국인,20대,2200
202205,저녁,내국인,30대,4354
202205,저녁,내국인,40대,4526
202205,저녁,내국인,50대,4503
202205,저녁,내국인,60대,2602
202205,저녁,내국인,70대 이상,643
202205,저녁,제주도민,19세 이하,74
202205,저녁,제주도민,20대,1404
202205,저녁,제주도민,30대,3088
202205,저녁,제주도민,40대,5538
202205,저녁,제주도민,50대,6283
202205,저녁,제주도민,60대,3288
202205,저녁,제주도민,70대 이상,855
202205,점심,내국인,19세 이하,16
202205,점심,내국인,20대,1562
202205,점심,내국인,30대,3588
202205,점심,내국인,40대,3800
202205,점심,내국인,50대,3631
202205,점심,내국인,60대,2357
202205,점심,내국인,70대 이상,732
202205,점심,제주도민,19세 이하,30
202205,점심,제주도민,20대,724
202205,점심,제주도민,30대,2107
202205,점심,제주도민,40대,4058
202205,점심,제주도민,50대,4766
202205,점심,제주도민,60대,3073
202205,점심,제주도민,70대 이상,1392
202206,밤,내국인,19세 이하,4
202206,밤,내국인,20대,689
202206,밤,내국인,30대,842
202206,밤,내국인,40대,908
202206,밤,내국인,50대,858
202206,밤,내국인,60대,365
202206,밤,내국인,70대 이상,69
202206,밤,제주도민,19세 이하,22
202206,밤,제주도민,20대,795
202206,밤,제주도민,30대,1170
202206,밤,제주도민,40대,1919
202206,밤,제주도민,50대,2125
202206,밤,제주도민,60대,757
202206,밤,제주도민,70대 이상,148
202206,오전,내국인,19세 이하,8
202206,오전,내국인,20대,711
202206,오전,내국인,30대,1744
202206,오전,내국인,40대,2337
202206,오전,내국인,50대,2372
202206,오전,내국인,60대,1611
202206,오전,내국인,70대 이상,487
202206,오전,제주도민,19세 이하,15
202206,오전,제주도민,20대,349
202206,오전,제주도민,30대,1076
202206,오전,제주도민,40대,2315
202206,오전,제주도민,50대,2777
202206,오전,제주도민,60대,2046
202206,오전,제주도민,70대 이상,836
202206,오후,내국인,19세 이하,23
202206,오후,내국인,20대,1985
202206,오후,내국인,30대,4351
202206,오후,내국인,40대,5079
202206,오후,내국인,50대,4473
202206,오후,내국인,60대,2681
202206,오후,내국인,70대 이상,737
202206,오후,제주도민,19세 이하,67
202206,오후,제주도민,20대,890
202206,오후,제주도민,30대,2535
202206,오후,제주도민,40대,4844
202206,오후,제주도민,50대,5548
202206,오후,제주도민,60대,3661
202206,오후,제주도민,70대 이상,1394
202206,저녁,내국인,19세 이하,17
202206,저녁,내국인,20대,2421
202206,저녁,내국인,30대,4248
202206,저녁,내국인,40대,4844
202206,저녁,내국인,50대,4412
202206,저녁,내국인,60대,2390
202206,저녁,내국인,70대 이상,616
202206,저녁,제주도민,19세 이하,71
202206,저녁,제주도민,20대,1415
202206,저녁,제주도민,30대,3038
202206,저녁,제주도민,40대,5440
202206,저녁,제주도민,50대,6182
202206,저녁,제주도민,60대,3259
202206,저녁,제주도민,70대 이상,877
202206,점심,내국인,19세 이하,15
202206,점심,내국인,20대,1628
202206,점심,내국인,30대,3508
202206,점심,내국인,40대,3862
202206,점심,내국인,50대,3393
202206,점심,내국인,60대,2173
202206,점심,내국인,70대 이상,701
202206,점심,제주도민,19세 이하,26
202206,점심,제주도민,20대,681
202206,점심,제주도민,30대,1995
202206,점심,제주도민,40대,3800
202206,점심,제주도민,50대,4463
202206,점심,제주도민,60대,2948
202206,점심,제주도민,70대 이상,1346
202207,밤,내국인,19세 이하,6
202207,밤,내국인,20대,770
202207,밤,내국인,30대,786
202207,밤,내국인,40대,828
202207,밤,내국인,50대,754
202207,밤,내국인,60대,301
202207,밤,내국인,70대 이상,64
202207,밤,제주도민,19세 이하,21
202207,밤,제주도민,20대,827
202207,밤,제주도민,30대,1176
202207,밤,제주도민,40대,1983
202207,밤,제주도민,50대,2118
202207,밤,제주도민,60대,817
202207,밤,제주도민,70대 이상,155
202207,오전,내국인,19세 이하,9
202207,오전,내국인,20대,746
202207,오전,내국인,30대,1361
202207,오전,내국인,40대,2211
202207,오전,내국인,50대,1827
202207,오전,내국인,60대,1055
202207,오전,내국인,70대 이상,295
202207,오전,제주도민,19세 이하,15
202207,오전,제주도민,20대,350
202207,오전,제주도민,30대,1135
202207,오전,제주도민,40대,2358
202207,오전,제주도민,50대,2908
202207,오전,제주도민,60대,2000
202207,오전,제주도민,70대 이상,874
202207,오후,내국인,19세 이하,34
202207,오후,내국인,20대,2246
202207,오후,내국인,30대,3608
202207,오후,내국인,40대,5188
202207,오후,내국인,50대,3839
202207,오후,내국인,60대,1879
202207,오후,내국인,70대 이상,551
202207,오후,제주도민,19세 이하,68
202207,오후,제주도민,20대,900
202207,오후,제주도민,30대,2511
202207,오후,제주도민,40대,4870
202207,오후,제주도민,50대,5448
202207,오후,제주도민,60대,3480
202207,오후,제주도민,70대 이상,1312
202207,저녁,내국인,19세 이하,26
202207,저녁,내국인,20대,2684
202207,저녁,내국인,30대,3621
202207,저녁,내국인,40대,4966
202207,저녁,내국인,50대,3769
202207,저녁,내국인,60대,1714
202207,저녁,내국인,70대 이상,463
202207,저녁,제주도민,19세 이하,69
202207,저녁,제주도민,20대,1452
202207,저녁,제주도민,30대,3118
202207,저녁,제주도민,40대,5590
202207,저녁,제주도민,50대,6256
202207,저녁,제주도민,60대,3222
202207,저녁,제주도민,70대 이상,860
202207,점심,내국인,19세 이하,22
202207,점심,내국인,20대,1870
202207,점심,내국인,30대,2908
202207,점심,내국인,40대,3817
202207,점심,내국인,50대,2997
202207,점심,내국인,60대,1629
202207,점심,내국인,70대 이상,518
202207,점심,제주도민,19세 이하,34
202207,점심,제주도민,20대,718
202207,점심,제주도민,30대,2040
202207,점심,제주도민,40대,3978
202207,점심,제주도민,50대,4692
202207,점심,제주도민,60대,3001
202207,점심,제주도민,70대 이상,1278
202208,밤,내국인,19세 이하,5
202208,밤,내국인,20대,827
202208,밤,내국인,30대,934
202208,밤,내국인,40대,940
202208,밤,내국인,50대,729
202208,밤,내국인,60대,317
202208,밤,내국인,70대 이상,68
202208,밤,제주도민,19세 이하,20
202208,밤,제주도민,20대,810
202208,밤,제주도민,30대,1074
202208,밤,제주도민,40대,1842
202208,밤,제주도민,50대,1884
202208,밤,제주도민,60대,730
202208,밤,제주도민,70대 이상,144
202208,오전,내국인,19세 이하,11
202208,오전,내국인,20대,830
202208,오전,내국인,30대,1579
202208,오전,내국인,40대,2673
202208,오전,내국인,50대,2100
202208,오전,내국인,60대,1090
202208,오전,내국인,70대 이상,316
202208,오전,제주도민,19세 이하,15
202208,오전,제주도민,20대,334
202208,오전,제주도민,30대,1094
202208,오전,제주도민,40대,2236
202208,오전,제주도민,50대,2804
202208,오전,제주도민,60대,1894
202208,오전,제주도민,70대 이상,850
202208,오후,내국인,19세 이하,38
202208,오후,내국인,20대,2408
202208,오후,내국인,30대,4181
202208,오후,내국인,40대,6028
202208,오후,내국인,50대,4074
202208,오후,내국인,60대,2084
202208,오후,내국인,70대 이상,650
202208,오후,제주도민,19세 이하,63
202208,오후,제주도민,20대,905
202208,오후,제주도민,30대,2393
202208,오후,제주도민,40대,4641
202208,오후,제주도민,50대,5199
202208,오후,제주도민,60대,3584
202208,오후,제주도민,70대 이상,1314
202208,저녁,내국인,19세 이하,29
202208,저녁,내국인,20대,2953
202208,저녁,내국인,30대,4306
202208,저녁,내국인,40대,5818
202208,저녁,내국인,50대,4109
202208,저녁,내국인,60대,1856
202208,저녁,내국인,70대 이상,496
202208,저녁,제주도민,19세 이하,66
202208,저녁,제주도민,20대,1438
202208,저녁,제주도민,30대,2885
202208,저녁,제주도민,40대,5212
202208,저녁,제주도민,50대,5875
202208,저녁,제주도민,60대,3023
202208,저녁,제주도민,70대 이상,853
202208,점심,내국인,19세 이하,21
202208,점심,내국인,20대,1975
202208,점심,내국인,30대,3327
202208,점심,내국인,40대,4676
202208,점심,내국인,50대,3199
202208,점심,내국인,60대,1742
202208,점심,내국인,70대 이상,566
202208,점심,제주도민,19세 이하,35
202208,점심,제주도민,20대,681
202208,점심,제주도민,30대,1937
202208,점심,제주도민,40대,3756
202208,점심,제주도민,50대,4479
202208,점심,제주도민,60대,2973
202208,점심,제주도민,70대 이상,1281
202209,밤,내국인,19세 이하,7
202209,밤,내국인,20대,527
202209,밤,내국인,30대,632
202209,밤,내국인,40대,658
202209,밤,내국인,50대,578
202209,밤,내국인,60대,278
202209,밤,내국인,70대 이상,58
202209,밤,제주도민,19세 이하,21
202209,밤,제주도민,20대,791
202209,밤,제주도민,30대,1059
202209,밤,제주도민,40대,1754
202209,밤,제주도민,50대,1821
202209,밤,제주도민,60대,693
202209,밤,제주도민,70대 이상,135
202209,오전,내국인,19세 이하,21
202209,오전,내국인,20대,535
202209,오전,내국인,30대,1286
202209,오전,내국인,40대,1642
202209,오전,내국인,50대,1598
202209,오전,내국인,60대,1195
202209,오전,내국인,70대 이상,370
202209,오전,제주도민,19세 이하,17
202209,오전,제주도민,20대,336
202209,오전,제주도민,30대,1014
202209,오전,제주도민,40대,2163
202209,오전,제주도민,50대,2816
202209,오전,제주도민,60대,2085
202209,오전,제주도민,70대 이상,886
202209,오후,내국인,19세 이하,60
202209,오후,내국인,20대,1564
202209,오후,내국인,30대,3312
202209,오후,내국인,40대,3493
202209,오후,내국인,50대,2992
202209,오후,내국인,60대,2048
202209,오후,내국인,70대 이상,607
202209,오후,제주도민,19세 이하,67
202209,오후,제주도민,20대,904
202209,오후,제주도민,30대,2391
202209,오후,제주도민,40대,4549
202209,오후,제주도민,50대,5244
202209,오후,제주도민,60대,3579
202209,오후,제주도민,70대 이상,1395
202209,저녁,내국인,19세 이하,40
202209,저녁,내국인,20대,1826
202209,저녁,내국인,30대,3242
202209,저녁,내국인,40대,3310
202209,저녁,내국인,50대,2945
202209,저녁,내국인,60대,1774
202209,저녁,내국인,70대 이상,434
202209,저녁,제주도민,19세 이하,69
202209,저녁,제주도민,20대,1382
202209,저녁,제주도민,30대,2806
202209,저녁,제주도민,40대,4778
202209,저녁,제주도민,50대,5417
202209,저녁,제주도민,60대,2766
202209,저녁,제주도민,70대 이상,726
202209,점심,내국인,19세 이하,41
202209,점심,내국인,20대,1255
202209,점심,내국인,30대,2622
202209,점심,내국인,40대,2632
202209,점심,내국인,50대,2304
202209,점심,내국인,60대,1750
202209,점심,내국인,70대 이상,510
202209,점심,제주도민,19세 이하,26
202209,점심,제주도민,20대,690
202209,점심,제주도민,30대,1922
202209,점심,제주도민,40대,3611
202209,점심,제주도민,50대,4368
202209,점심,제주도민,60대,2999
202209,점심,제주도민,70대 이상,1357
